Number,Name,year,LP_depth_6values,union_density_av_max_pta,union_density_max_pta,execrlc_av_max_pta,execrlc_max_pta,plp_av_max_pta,plp_max_pta,hs_ratio_av_max_pta,hs_ratio_max_pta,polity2_av_max_pta,polity2_max_pta,democracy_di_mean_pta,depth_index,NorthNorth,SouthSouth,EC,US,inter_union_left_av_max_pta,inter_union_democracy_av_max_pta,inter_union_left_max_pta,inter_union_democracy_max_pta
1,Afghanistan India,2003,0,23.26898767,23.22963,0,0,1.045802783,1.045297947,0.553330078,0.548288357,0.95,0.95,1,2,0,1,0,0,0,22.10553828,0,22.0681485
3,African Economic Community,1991,3,70,70,1,1,1.271024963,1.594448367,0.744615648,0.910584321,1,1,0.083333333,2,0,1,0,0,46.8,38.39811267,46.8,35.135069
4,Agadir Agreement,2004,1,27.5,27.5,1,1,0.655582775,0.668327282,0.366160703,0.367580005,0.4,0.4,0,2,0,1,0,0,,5.5,,5.5
5,Albania Bosnia and Herzegovina,2003,1,30,30,1,1,0.583771214,0.573595948,0.085814171,0.070047868,0.816666667,0.85,1,2,0,1,0,0,21.6,17.64,21.6,18.36
6,Albania Bulgaria,2003,0,23.5,23.2,1,1,1.384999291,1.130131514,0.440154973,0.39298195,0.95,0.95,1,2,0,1,0,0,21.6,22.325,21.6,22.04
7,Albania Croatia,2002,0,35.54166667,34.7125,1,1,1.467030477,1.43641576,0.521916239,0.524734124,0.9,0.9,1,2,0,1,0,0,23.14166667,31.9875,34.7125,31.24125
8,Albania EC SAA,2006,3,32.65290718,31.40501015,1,0,2.720085305,2.787771951,0.745154384,0.744318083,1,1,1,4,0,0,1,0,14.4,32.65290718,0,31.40501015
9,Albania EFTA,2009,2,21.6,21.6,0,0,4.562482794,4.78506297,0.125510042,0.11898945,0.95,0.95,1,4,0,0,0,0,0,20.52,0,20.52
10,Albania Kosovo,2003,0,21.6,21.6,1,1,0.213212259,0.150756033,0.085814171,0.070047868,0.816666667,0.85,1,2,0,1,0,0,21.6,17.64,21.6,18.36
11,Albania Macedonia,2002,0,28,28,1,1,1.08562311,1.161147775,0.207039742,0.085865406,0.85,0.95,1,2,0,1,0,0,21.6,23.8,21.6,26.6
12,Albania Moldova,2003,1,43.73333333,43.73333333,1,1,0.917899803,0.983940057,0.325900951,0.373847443,0.9,0.9,1,2,0,1,0,0,43.73333333,39.36,43.73333333,39.36
13,Albania Romania,2003,0,38.04901678,35.9,1,1,0.213212259,0.150756033,0.42282879,0.400706985,0.9,0.9,1,2,0,1,0,0,38.04901678,34.2441151,35.9,32.31
14,Albania Serbia,2003,0,34.98888889,40.7,1,1,0.213212259,0.150756033,0.085814171,0.070047868,0.833333333,0.85,0.5,2,0,1,0,0,32.13333333,29.06222222,21.6,32.56
15,Albania Turkey,2006,0,21.6,21.6,1,0,0.711752939,0.72840095,0.342164984,0.349587493,0.916666667,0.95,1,2,0,1,0,0,14.4,19.8,0,20.52
17,Algeria EC Euro-Med Association Agreement,2002,0,38.54210462,38.05295353,1,1,3.107898056,3.033915726,0.903758224,0.883365678,1,1,0.5,3,0,0,1,0,38.54210462,38.54210462,38.05295353,38.05295353
18,Algeria Jordan,1997,0,,,,,0.38080735,0.396135085,0.307775825,0.321808567,0.4,0.4,0,1,0,1,0,0,,,,
20,Algeria Tunisia,2008,0,,,1,1,0.516478335,0.529214097,,,0.6,0.6,0,1,0,1,0,0,,,,
22,Andean Community Brazil,1999,0,28.12692533,28.781609,1,1,1.291628951,1.278217385,0.485656926,0.467101662,0.933333333,0.95,0.875,1,0,1,0,0,28.12692533,25.3142328,28.781609,25.9034481
23,Andean Community Trujillo Protocol,1996,0,27.191765,27.842779,1,1,0.758458779,0.773336625,0.391303066,0.385644336,0.95,0.95,0.8,1,0,1,0,0,0,25.27,0,25.27
24,Andean Countries Argentina,2000,0,34.22229089,34.22229089,1,1,1.157873073,1.05945922,0.592766772,0.580455233,0.9,0.9,0.75,1,0,1,0,0,0,30.22969029,0,30.8000618
25,Andean Countries MERCOSUR,2004,0,34.22229089,34.22229089,1,1,1.598328405,1.703929435,0.579323617,0.486267582,1,1,0.666666667,0,0,1,0,0,29.031386,30.8000618,34.22229089,30.8000618
34,Argentina Brazil,1990,0,37.48152726,34.22229089,0,0,1.492516782,1.946400901,0.834946348,0.834946348,0.9,0.9,1,0,0,1,0,0,0,32.42966969,0,29.08894726
35,Argentina Chile,1991,0,37.48152726,34.22229089,0,0,1.183241465,1.358414002,0.516256942,0.290143205,0.9,0.9,1,2,0,1,0,0,0,31.85929817,0,29.08894726
39,Argentina Cuba,1999,0,81.4,81.4,0,0,1.284427779,1.292235262,0.600246577,0.591932628,0.866666667,0.9,0.5,0,0,1,0,0,0,29.65931877,0,30.8000618
41,Argentina Ecuador,1993,0,34.22229089,34.22229089,1,1,1.275247279,1.25674124,0.63451105,0.63451105,0.95,0.95,1,1,0,1,0,0,0,29.08894726,0,29.08894726
47,Argentina Uruguay,2003,0,36.81486059,34.22229089,0,0,1.290637674,1.144895337,0.581034115,0.390743835,1,1,1,0,0,1,0,0,0,33.13337453,0,30.8000618
49,Argentina Venezuela,1992,0,34.22229089,34.22229089,0,0,1.222440295,1.210586596,0.517726735,0.412252964,0.933333333,0.9,1,1,0,1,0,0,0,29.08894726,0,29.08894726
51,Armenia Estonia,2002,0,36.475,36.475,0,,3.300040637,2.65758775,0.242188834,0.202396804,0.95,0.95,0.5,1,0,1,0,0,0,27.35625,,27.35625
52,Armenia Georgia,1995,0,36.475,36.475,0,0,2.451641898,2.587227417,,,0.783333333,0.75,0,2,0,1,0,0,,28.57208333,,23.70875
53,Armenia Iran,1995,0,36.475,36.475,,,2.451641898,2.587227417,0.414625197,0.420996684,0.783333333,0.65,0,0,0,1,0,0,,28.57208333,,23.70875
54,Armenia Kazakhstan,1999,0,41.45,41.45,0,0,2.570645677,2.673118069,0.466685928,0.482728078,0.566666667,0.75,0,2,0,1,0,0,0,20.66916667,0,27.35625
55,Armenia Kyrgyzstan,1994,0,36.475,36.475,0,0,2.340811028,2.377158314,0.585471257,0.542679102,0.85,0.85,0.5,2,0,1,0,0,,31.00375,,31.00375
56,Armenia Moldova,1993,1,43.73333333,43.73333333,0,0,2.260497617,2.390539963,0.972129881,0.030708518,0.85,0.85,1,1,0,1,0,0,0,34.25777778,0,37.17333333
57,Armenia Russia,1992,1,54.38333333,45.575,1,,3.871356671,3.681082706,1.412507896,,0.85,0.85,0.5,1,0,1,0,0,58.7875,31.00375,,34.18125
59,Armenia Turkmenistan,1995,0,36.475,36.475,1,1,2.451641898,2.587227417,,,0.783333333,0.65,0,1,0,1,0,0,,28.57208333,,23.70875
60,Armenia Ukraine,1994,1,42.1,42.1,1,1,2.340811028,2.377158314,0.77745443,0.798545048,0.85,0.85,1,1,0,1,0,0,42.1,33.68,42.1,35.785
62,Asia Pacific Trade Agreement (Bangkok Agreement amended),2005,1,58.14060231,58.14060231,1,1,4.059883847,4.36622957,1.252183562,1.291843153,0.95,0.95,0.333333333,1,0,1,0,0,11.647729,18.40209993,21.0822645,20.02815128
63,Association of Caribbean States,1994,0,81.4,81.4,1,1,1.751528693,1.675879736,0.902015837,0.767669575,1,1,0.5,0,0,1,0,0,0,24.3522943,0,24.98515485
64,Association of Southeast Asian Nations (ASEAN) FTA,1992,0,29.71525733,29.627826,0,,5.521715889,5.768574802,2.090169241,2.165783898,0.9,0.95,0.4,2,0,1,0,0,0,26.7437316,,26.6650434
66,Association of Southeast Asian Nations Australia New Zealand FTA (AANZFTA),2009,0,21.1,21.4,1,1,7.003157815,7.163050138,3.096780947,2.946311943,1,1,0.65,6,0,0,0,0,13.96666667,21.1,19.3,21.4
67,Association of Southeast Asian Nations China,2004,0,58.14060231,58.14060231,1,1,6.836589179,6.84223496,2.371929291,2.481449921,0.95,0.95,0.15,2,0,1,0,0,0,19.125,0,13.455
68,Association of Southeast Asian Nations China Services,2007,0,63.29984121,58.14060231,1,1,7.480680137,6.68857545,2.841702701,2.989123672,0.9,0.9,0.1,3,0,1,0,0,0,10.14,0,9.9
69,Association of Southeast Asian Nations Goods,2009,0,17.73333333,17.6,1,1,7.003157815,7.163050138,3.096780947,2.946311943,0.9,0.9,0.222222222,2,0,1,0,0,0,9.75,0,9.54
70,Association of Southeast Asian Nations India,2009,0,18.354843,17.6,1,1,7.003157815,7.163050138,3.096780947,2.946311943,0.95,0.95,0.65,2,0,1,0,0,18.354843,17.43710085,12.9,12.255
71,Association of Southeast Asian Nations Japan,2008,0,18.26666667,18.2,1,1,6.822635254,7.157847857,3.068542758,3.354907227,1,1,0.65,2,0,0,0,0,0,18.26666667,0,18.2
72,Association of Southeast Asian Nations Korea,2006,0,19.36666667,18.6,1,1,7.531899974,6.621482454,2.672478118,2.861597374,0.9,0.9,0.666666667,2,0,1,0,0,0,10.425,0,9.99
73,Association of Southeast Asian Nations Korea services,2007,0,18.7,18.1,1,1,7.480680137,6.68857545,2.841702701,2.989123672,0.9,0.9,0.666666667,3,0,1,0,0,0,10.14,0,9.9
75,Australia Chile,2008,3,19.1,18.6,1,1,2.706215374,2.728158302,0.237710303,0.377051954,1,1,1,7,0,0,0,0,14.2,19.1,18.6,18.6
76,Association of Southeast Asian Nations Services,1995,0,30.200882,30.604394,0,0,5.923744628,6.419249337,2.259650202,2.429042497,0.95,0.95,0.4,1,0,1,0,0,0,27.1807938,0,27.5439546
80,Australia Papua New Guinea,1991,0,39.61696133,39.9,1,1,2.142595194,2.15233115,0.59637811,0.585585586,1,1,0.5,1,0,0,0,0,39.61696133,39.61696133,39.9,39.9
82,Australia Singapore,2003,0,23.56666667,23,0,0,6.824565352,7.068816853,2.333865656,2.324600474,1,1,0.5,7,0,0,0,0,0,23.56666667,0,23
83,Australia Thailand,2004,0,22.83333333,22.3,0,0,2.824017457,2.821835565,0.620264553,,1,1,1,5,0,0,0,0,0,22.83333333,0,22.3
84,Australia US,2004,5,22.83333333,22.3,0,0,2.824017457,2.821835565,0.920451575,0.913856378,1,1,1,7,1,0,0,1,0,22.83333333,0,22.3
86,Azerbaijan Georgia,1996,1,,,0,0,1.971610177,1.93533927,0.691964717,0.715106331,0.733333333,0.75,0,1,0,1,0,0,,,,
92,Azerbaijan Ukraine,1995,0,42.1,42.1,1,0,2.470075611,2.521279396,0.787320674,0.784398034,0.816666667,0.85,0.5,2,0,1,0,0,28.06666667,34.38166667,0,35.785
94,Bahrain Jordan,2001,0,,,,,0.594235151,0.663329343,0.266232189,0.253876072,0.4,0.4,0,1,0,1,0,0,,,,
96,Bahrain US,2004,5,12.33333333,12,0,0,0.647239402,0.644632211,0.920451575,0.913856378,1,1,0.5,6,0,0,0,1,0,12.33333333,0,12
98,Baltic Free Trade Area (BAFTA) industrial,1993,2,58.77921497,62.050641,0,1,3.151165199,3.028094484,0.855863212,0.852909144,1,1,0.666666667,2,0,1,0,0,6.583333333,47.02337198,13.16666667,49.6405128
112,Belarus Serbia,2009,2,79.7,79.7,,,2.933219631,2.919777082,0.806725577,0.804555076,0.9,0.9,0.5,2,0,1,0,0,,27.62,,28.92
114,Belarus Ukraine,1992,1,79.7,79.7,1,1,2.399513324,2.457965693,0.754799302,0.754799302,0.85,0.85,0.5,1,0,1,0,0,79.7,67.745,79.7,67.745
115,Belize Guatemala,2006,0,9.1,9.1,0,0,0.28585349,0.285688079,0,0,0.9,0.9,1,2,0,1,0,0,0,2.46,0,2.46
116,Bhutan India,2006,0,18.654843,21.0822645,1,1,1.033093485,0.98744084,0.531363241,0.514383697,0.95,0.95,0.5,1,0,1,0,0,14.054843,17.72210085,21.0822645,20.02815128
119,Bolivia Chile,1993,0,26.6,26.6,1,1,0.625167712,0.627034339,0.303572808,0.307958256,0.95,0.95,1,2,0,1,0,0,26.6,25.27,26.6,25.27
121,Bolivia Cuba,2000,0,81.4,81.4,0,0,1.3111561,1.320742218,0.164727873,0.163614317,0.95,0.95,0.5,2,0,1,0,0,0,25.27,0,25.27
123,Bolivia MERCOSUR,1996,0,34.22229089,34.22229089,1,1,1.872100268,1.294632439,0.72675191,0.661610268,1,1,1,3,0,1,0,0,18.992134,29.08894726,28.472996,29.08894726
124,Bolivia Mexico,1994,2,26.6,26.6,1,0,1.751528693,1.495572482,0.902015837,0.767669575,0.95,0.95,0.5,6,0,1,0,0,17.73333333,25.27,0,25.27
125,Bolivia Paraguay,1994,0,26.6,26.6,1,0,0.460535107,0.467938623,0.192501348,0.201739292,0.95,0.95,1,2,0,1,0,0,17.73333333,25.27,0,25.27
126,Bolivia Uruguay,1991,0,26.6,26.6,1,1,0.623691603,0.603778966,0.267291634,0.255146798,1,1,1,0,0,1,0,0,17.73333333,25.27,26.6,25.27
128,Bosnia and Herzegovina Bulgaria,2003,2,30,30,0,,1.384999291,1.130131514,0.440154973,0.39298195,0.95,0.95,1,2,0,1,0,0,0,22.325,,22.04
129,Bosnia and Herzegovina Croatia,2000,1,37.30416667,37.2,0,0,1.333445632,1.440568077,0.512100789,0.523349449,0.566666667,0.9,1,2,0,1,0,0,0,21.38604167,0,33.48
130,Bosnia and Herzegovina EC SAA,2008,3,30.62209059,30,0,0,2.9399229,3.129479733,0.772006733,0.807677903,1,1,1,3,0,0,1,0,0,30.62209059,0,29.86165163
131,Bosnia and Herzegovina Macedonia,2002,0,30,30,,,1.08562311,1.161147775,0.207039742,,0.85,0.95,1,2,0,1,0,0,,23.8,,26.6
132,Bosnia and Herzegovina Moldova,2002,1,43.73333333,43.73333333,1,1,0.927018559,0.598549778,0.314738952,0.202216066,0.883333333,0.9,1,2,0,1,0,0,43.73333333,38.63111111,43.73333333,39.36
133,Bosnia and Herzegovina Romania,2003,2,38.04901678,35.9,1,1,0.583771214,0.573595948,0.42282879,0.400706985,0.9,0.9,1,2,0,1,0,0,38.04901678,34.2441151,35.9,32.31
134,Bosnia and Herzegovina Serbia Montenegro,2002,2,32.13333333,32.13333333,1,,0.598850288,0.582286536,,,0.85,0.85,1,2,0,1,0,0,32.13333333,27.31333333,,27.31333333
135,Bosnia and Herzegovina Slovenia,2001,2,40.94536767,40.8,1,1,2.221601061,2.36288814,0.565033742,0.578972969,1,1,1,2,0,1,0,0,40.94536767,40.94536767,40.8,40.8
136,Bosnia and Herzegovina Turkey,2002,2,30,30,1,1,0.735952335,0.59990288,0.342053205,0.296043278,0.85,0.85,1,2,0,1,0,0,27.55332033,23.42032228,25.130424,21.3608604
139,Brazil Cuba,1999,0,81.4,81.4,1,1,1.291628951,1.292235262,0.485656926,0.467101662,0.9,0.9,0.5,0,0,1,0,0,28.12692533,25.3142328,28.781609,25.9034481
140,Brazil Guyana,2001,0,28.33195067,27.899056,1,1,1.285334822,1.34531188,0.466685347,0.46642849,0.9,0.9,0.5,0,0,1,0,0,28.33195067,25.4987556,27.899056,25.1091504
141,Brazil Mexico ,2002,0,28.12873967,28.171976,1,1,1.891433744,1.934668554,0.867374966,0.464315311,0.9,0.9,1,1,0,1,0,0,28.12873967,25.3158657,28.171976,25.3547784
142,Brazil Peru,1993,0,28.40868551,28.508381,0,0,1.792746839,2.009646718,0.825958635,0.814253412,0.9,0.9,0.5,1,0,1,0,0,0,25.56781696,0,25.6575429
143,Brazil Suriname,2005,0,29.733815,30.279263,1,1,1.638700879,1.644792908,0.492244565,0.502836689,0.9,0.9,0.5,0,0,1,0,0,29.733815,26.7604335,30.279263,27.2513367
146,Brunei Japan,2007,0,18.46666667,18.3,0,0,5.293601036,5.384667743,1.24945231,1.253601429,1,1,1,4,0,0,0,0,0,18.46666667,0,18.3
147,Bulgaria Czech Republic,1995,2,53.143939,43.523556,0,0,2.905688812,2.498996991,0.695593922,0.63578019,1,1,1,,0,1,0,0,0,53.143939,0,43.523556
148,Bulgaria EC,1993,5,40.15435651,66.421212,0,0,2.57902947,2.752950505,0.796205807,0.828796758,1,1,1,5,0,0,1,0,0,39.09557997,0,59.7790908
149,Bulgaria EFTA,1993,2,44.336765,66.421212,1,1,2.388698968,2.752950505,0.726299389,0.686563373,1,1,1,3,0,0,0,0,44.336765,44.336765,43.215927,59.7790908
150,Bulgaria Estonia,2001,2,24.60697625,23.8,0,0,1.602649462,1.730670749,0.52034027,0.483911401,0.916666667,0.95,1,2,0,1,0,0,0,22.5429453,0,22.61
152,Bulgaria Israel,2001,0,39.66898433,36.877164,0,0,2.152171348,2.192433241,0.885123327,0.893805995,0.916666667,0.95,0.5,2,0,1,0,0,0,31.73518747,0,29.5017312
153,Bulgaria Latvia,2002,2,23.43333333,23.5,0,0,1.466112719,1.294195609,0.483723697,0.443571567,0.933333333,0.95,1,2,0,1,0,0,0,21.87833333,0,22.325
154,Bulgaria Lithuania,2001,0,24.60697625,23.8,0,0,1.602649462,1.730670749,0.52034027,0.483911401,1,1,1,2,0,1,0,0,0,22.5429453,0,22.61
155,Bulgaria Macedonia,1999,0,29.77102725,28,1,0,1.791004004,1.703805839,0.584444599,0.553421285,0.9,0.9,0.5,2,0,1,0,0,28,26.79392453,0,24.31883589
156,Bulgaria Moldova,2004,2,43.73333333,43.73333333,1,1,1.180192842,1.116251402,0.405986366,0.38377193,0.95,0.95,1,2,0,1,0,0,43.73333333,39.36,43.73333333,39.36
157,Bulgaria Serbia,2003,0,34.98888889,40.7,1,,1.384999291,1.130131514,0.440154973,0.39298195,0.95,0.95,0.5,2,0,1,0,0,32.13333333,29.06222222,,32.56
158,Bulgaria Slovakia,1995,2,62.509859,56.062192,1,1,2.171852693,2.211399735,0.714712522,0.741265525,0.9,0.9,1,2,0,1,0,0,62.509859,53.13338015,56.062192,47.6528632
159,Bulgaria Slovenia,1996,2,53.15726167,48.756906,1,1,1.85834475,1.96900988,0.653982938,0.640635199,1,1,1,2,0,1,0,0,53.15726167,53.15726167,48.756906,48.756906
160,Bulgaria Turkey,1998,0,29.90686333,29.683485,0,0,1.876191367,1.796353334,0.613515904,0.593731863,0.9,0.9,1,2,0,1,0,0,0,26.79392453,0,26.7151365
161,Canada Chile,1996,5,34.153778,33.805249,1,1,2.786011967,2.753295243,0.731297556,0.735613233,1,1,1,5,0,0,0,0,34.153778,34.153778,33.805249,33.805249
162,Canada Colombia,2008,5,27.271081,27.048814,0,0,3.429810689,3.561234687,0.776738756,0.791385486,1,1,1,6,0,0,0,0,9.140608333,27.271081,0,27.048814
163,Canada Costa Rica,2001,5,28.19020233,28.365131,1,1,2.592903485,2.656268989,0.699306946,0.67631941,1,1,1,4,0,0,0,0,28.19020233,28.19020233,28.365131,28.365131
164,Canada EFTA,2008,2,85.96666667,79.3,1,1,5.835805945,6.077938171,1.639454616,1.670878805,1,1,1,3,1,0,0,0,53.26666667,53.26666667,52.6,52.6
165,Canada Israel,1996,0,60.57154667,52.838138,1,1,2.786011967,2.753295243,0.731297556,0.747104247,1,1,0.5,3,0,0,0,0,60.57154667,48.45723733,52.838138,42.2705104
166,Canada Jordan,2009,5,27.21549433,27.255065,0,0,3.071195476,2.152357359,0.691539302,0.497268769,1,1,0.5,2,0,0,0,0,0,27.21549433,0,27.255065
168,Canada Peru,2008,5,27.271081,27.048814,1,1,3.429810689,3.561234687,0.776738756,0.791385486,1,1,1,6,0,0,0,0,9.140608333,27.271081,3.993477,27.048814
172,Caribbean Community (CARICOM) Colombia,1994,0,55.6,55.6,1,1,1.391149968,1.675879736,0.453074743,0.533642126,0.966666667,0.95,0.961538462,1,0,1,0,0,0,24.3522943,0,24.98515485
173,Caribbean Community (CARICOM) Costa Rica,2004,2,55.6,55.6,1,1,1.776007685,1.849959255,0.460266929,0.172114789,1,1,0.928571429,3,0,1,0,0,0,17.9,0,17.9
174,Caribbean Community (CARICOM) Cuba,2000,0,81.4,81.4,1,1,1.558918051,1.565853509,0.27690076,0.303018626,1,1,0.071428571,1,0,1,0,0,17.9,17.9,17.9,17.9
175,Caribbean Community (CARICOM) Dominican Republic,1998,0,55.6,55.6,1,1,1.659103973,1.564756605,0.488581929,0.255388454,0.983333333,1,0.928571429,1,0,1,0,0,17.9,17.60166667,17.9,17.9
176,Caribbean Community (CARICOM) Protocol on Services,1997,0,55.6,55.6,1,1,1.74516969,1.740123335,0.497532948,0.488304094,0.966666667,1,0.5,2,0,1,0,0,11.93333333,17.30333333,17.9,17.9
177,Caribbean Community (CARICOM) revised ,2001,4,55.6,55.6,1,1,1.573163172,1.607491967,0.307238604,0.346401985,1,1,0.5,3,0,1,0,0,17.9,17.9,17.9,17.9
178,Caribbean Community (CARICOM) Venezuela,1992,0,55.6,55.6,1,1,1.074265951,1.211326481,0.395640614,0.412252964,1,1,0.961538462,1,0,1,0,0,11.93333333,17.005,0,17.005
181,CARIFORUM EC EPA,2008,5,55.6,55.6,0,0,2.9399229,3.129479733,0.772006733,0.807677903,1,1,1,7,0,0,1,0,0,30.62209059,0,29.86165163
183,Central America Chile,1999,1,13.940442,13.541173,1,1,1.049405273,1.108092196,0.48239713,0.50098979,1,1,1,5,0,1,0,0,13.940442,12.5463978,13.541173,12.2
184,Central America Dominican Republic,1998,1,12.4,12.4,1,1,0.642212366,0.637253385,0.297047692,0.309781082,1,1,0.833333333,6,0,1,0,0,12.4,12.4,10.4,11.16
185,Central America Panama,2002,1,24.85,24.85,0,0,0.829773739,0.926227191,0.396685657,0.434647645,1,1,1,5,0,1,0,0,0,23.6075,0,23.6075
188,Central American Free Trade Agreement (CAFTA) Dominican Republic,2004,5,12.4,12.4,1,1,0.892573331,0.714892223,0.920451575,0.913856378,1,1,1,6,0,0,0,1,12.4,12.33333333,12.4,12
190,Central American Integration System,1991,0,24.85,24.85,1,0,0.60909012,0.624284017,0.30553719,0.30553719,1,1,0.5,0,0,1,0,0,8.806944444,22.365,0,22.365
192,Central European Free Trade Agreement (CEFTA),1992,2,44.61794694,30.43522733,1,0,3.981873855,3.203687209,0.984810899,0.883707068,1,1,1,2,0,1,0,0,36.690283,44.61794694,0,26.7654834
193,Central European Free Trade Agreement (CEFTA),2006,0,43.73333333,43.73333333,1,1,2.746588006,2.787771951,0.559245088,0.569518353,0.95,0.95,0.875,1,0,1,0,0,43.73333333,40.81777778,43.73333333,41.54666667
199,Chile China,2005,3,58.14060231,58.14060231,1,1,2.333811891,2.395545142,0.655556283,0.670432433,0.95,0.95,0.5,3,0,1,0,0,13.86666667,13.17333333,13.5,12.825
200,Chile Colombia,1993,0,25.74890033,24.996793,0,0,0.625167712,0.727231639,0.387609372,0.396627566,0.95,0.95,1,2,0,1,0,0,0,24.46145532,0,23.74695335
201,Chile Colombia,2006,4,24.24875525,24.24875525,1,1,1.079891709,1.112469833,0.392370058,0.410425763,0.966666667,1,1,5,0,1,0,0,13.73333333,20.61144196,13.7,20.61144196
202,Chile EC,2002,3,38.54210462,38.05295353,1,1,3.107898056,3.033915726,0.903758224,0.883365678,1,1,1,6,0,0,1,0,38.54210462,38.54210462,38.05295353,38.05295353
203,Chile Ecuador,1994,0,18.39687167,17.080841,1,1,0.643366871,0.656229239,0.311053869,0.312586389,0.95,0.95,1,1,0,1,0,0,5.693613667,16.5571845,17.080841,15.3727569
204,Chile Ecuador,2008,2,14.2,15,1,1,0.628549062,1.029237348,0.334515372,0.377051954,1,1,0.5,1,0,1,0,0,14.2,14.2,15,15
205,Chile EFTA,2003,2,13.5,14.1,1,1,4.057325379,3.999947576,0.4503544,0.467852912,0.95,0.95,1,6,0,0,0,0,13.5,12.825,14.1,13.395
206,Chile India,2006,0,18.654843,21.0822645,1,1,1.033093485,0.98744084,0.531363241,0.514383697,0.966666667,1,1,1,0,1,0,0,14.054843,17.72210085,21.0822645,20.02815128
207,Chile Japan,2007,1,18.46666667,18.3,1,1,5.293601036,5.384667743,1.24945231,1.253601429,1,1,1,7,0,0,0,0,13.7,18.46666667,13.9,18.3
208,Chile Korea,2003,1,13.5,14.1,1,1,3.524091365,3.704005749,1.158052964,1.198106643,0.95,0.95,1,7,0,1,0,0,13.5,12.825,14.1,13.395
209,Chile MERCOSUR,1996,0,34.22229089,34.22229089,1,1,1.872100268,1.294632439,0.72675191,0.661610268,1,1,1,4,0,1,0,0,18.992134,29.08894726,28.472996,29.08894726
210,Chile MERCOSUR Protocol on Services,2009,0,32.27692663,31.921377,1,1,1.941505716,1.99127053,0.551560263,0.552883494,1,1,1,2,0,1,0,0,32.27692663,29.04923397,31.921377,28.7292393
211,Chile Mexico,1991,0,18.41463533,20.610408,0,0,1.644863468,1.827770456,0.904419151,0.960353968,0.9,0.9,0.5,1,0,1,0,0,0,16.5731718,0,18.5493672
212,Chile Mexico,1998,2,15.01261767,15.375861,1,1,1.711954924,1.831157147,0.809111902,0.842850352,0.9,0.9,0.5,6,0,1,0,0,14.60835167,13.1475165,13.857674,12.4719066
213,Chile Panama,2006,2,24.85,24.85,1,1,0.619286549,0.402692821,0.259044204,0.162106591,0.966666667,1,1,4,0,1,0,0,13.73333333,23.6075,13.7,23.6075
215,Chile Peru,1998,0,14.60835167,13.857674,1,1,0.993231408,1.020651291,0.46270512,0.474840002,0.9,0.9,0.5,2,0,1,0,0,14.60835167,13.1475165,13.857674,12.4719066
216,Chile Turkey,2009,5,14.9,15.8,1,1,0.800386065,0.91820383,0.372026399,0.366724062,1,1,1,2,0,1,0,0,14.9,14.9,15.8,15.8
218,Chile US,2003,5,13.5,14.1,1,1,1.004173776,1.064792324,0.935600398,0.467852912,1,1,1,6,0,0,0,1,13.5,12.825,14.1,13.395
219,Chile Venezuela,1993,0,19.573394,17.89316,0,0,0.779897024,0.798036752,0.411435999,0.416986806,0.916666667,0.9,1,1,0,1,0,0,0,17.6160546,0,16.103844
220,China Hong Kong,2003,0,58.14060231,58.14060231,0,0,2.565564149,2.395884317,0.723469652,0.646126256,0.15,0.15,0,2,0,1,0,0,0,8.721090347,0,8.721090347
221,China Macao,2003,0,58.14060231,58.14060231,0,0,2.565564149,2.395884317,0.723469652,0.646126256,0.15,0.15,0,2,0,1,0,0,0,8.721090347,0,8.721090347
222,China New Zealand,2008,4,54.0537131,30.402218,1,1,2.688688873,2.801697829,0.724377865,0.762109834,1,1,0.5,4,0,0,0,0,21.03333333,21.03333333,20.6,20.6
224,China Pakistan,2006,1,63.29984121,73.618319,0,0,2.238244202,2.109181252,0.670083363,0.689707494,0.25,0.25,0,3,0,1,0,0,0,9.494976181,0,11.04274785
225,China Pakistan Services,2009,0,40.4105681,32.688884,1,1,2.468386251,2.74787117,0.767233703,0.818275008,0.7,0.75,0,2,0,1,0,0,15.7,10.99,15.7,11.775
227,China Peru,2009,4,40.4105681,32.688884,1,1,2.468386251,2.74787117,0.767233703,0.818275008,0.95,0.95,0.5,5,0,1,0,0,4.226441667,6.061585216,4.4,4.9033326
228,China Singapore,2008,0,54.0537131,30.402218,0,0,6.822635254,7.157847857,3.068542758,3.354907227,0.4,0.4,0,4,0,1,0,0,0,8.108056966,0,7
233,Colombia Cuba,2000,0,81.4,81.4,0,0,1.3111561,1.320742218,0.369692891,0.350733161,0.85,0.85,0.5,2,0,1,0,0,0,20.61144196,0,20.61144196
234,Colombia EFTA,2008,2,24.24875525,24.24875525,,,4.3970231,4.441942913,0.404686783,0.407172845,0.85,0.85,1,7,0,0,0,0,,20.61144196,,20.61144196
239,Colombia Northern Triangle,2007,1,24.24875525,24.24875525,0,0,1.106583436,1.083143845,0.402788291,0.396461742,0.9,0.9,1,4,0,1,0,0,0,20.61144196,0,20.61144196
240,Colombia Panama,1993,0,25.74890033,24.996793,0,0,0.584021506,0.727231639,0.387609372,0.396627566,0.95,0.95,1,1,0,1,0,0,0,24.46145532,0,23.74695335
241,Colombia US,2006,5,24.24875525,24.24875525,0,0,1.079891709,1.112469833,0.921288297,0.927611142,1,1,1,7,0,0,0,1,0,20.61144196,0,20.61144196
242,Common Economic Zone,2003,0,79.7,79.7,0,0,3.695780735,3.747524666,1.015299875,0.999339911,0.8,0.8,0,2,0,1,0,0,0,38.25333333,0,36.46
243,Common Market for Eastern and Southern Africa (COMESA),1993,4,35.55448967,35.771167,1,1,1.071365083,1.167144388,0.37129655,0.530526316,1,1,0.142857143,3,0,1,0,0,35.55448967,35.55448967,35.771167,35.771167
244,Commonwealth of Independent States (CIS),1994,0,79.7,79.7,1,1,3.469451961,3.321289457,1.058219496,1.039642016,0.85,0.85,0.333333333,2,0,1,0,0,79.7,67.745,79.7,67.745
248,Costa Rica Mexico,1994,2,20.36935567,18.383569,0,0,1.751528693,1.495572482,0.902015837,0.767669575,1,1,0.5,6,0,1,0,0,0,14.8,0,14.5
252,Cote d'Ivoire EC EPA,2008,1,30.62209059,29.86165163,1,1,2.9399229,3.129479733,0.772006733,0.807677903,1,1,0.5,2,0,0,1,0,0,30.62209059,0,29.86165163
253,Cotonou Agreement,2000,3,39.62417109,39.0662234,1,1,2.978710185,3.074747422,0.883941331,0.901194074,1,1,0.5,1,0,0,1,0,39.62417109,39.62417109,39.0662234,39.0662234
254,Croatia EC,2001,0,39.03098258,38.50713693,1,1,3.079615241,3.215031021,0.903695309,0.926714922,1,1,1,3,0,0,1,0,39.03098258,39.03098258,38.50713693,38.50713693
255,Croatia EFTA,2001,2,37.30416667,34.7125,0,1,4.060123489,4.105547522,0.519914656,0.517665143,0.783333333,0.9,1,3,0,0,0,0,11.57083333,28.90708333,34.7125,31.24125
257,Croatia Lithuania,2002,0,35.54166667,34.7125,1,1,1.467030477,1.43641576,0.521916239,0.524734124,1,1,1,2,0,1,0,0,23.14166667,31.9875,34.7125,31.24125
258,Croatia Macedonia,1997,1,34.7125,34.7125,1,1,1.688815536,1.324298609,0.505729872,0.509936769,0.8,0.8,0,2,0,1,0,0,28,22.4,28,22.4
259,Croatia Macedonia (amended),1997,1,34.7125,34.7125,1,1,1.688815536,1.324298609,0.505729872,0.509936769,0.8,0.8,0,2,0,1,0,0,28,22.4,28,22.4
260,Croatia Moldova,2004,2,43.73333333,43.73333333,1,1,1.439431047,1.479433378,0.53130741,0.543601673,0.9,0.9,1,2,0,1,0,0,43.73333333,39.36,43.73333333,39.36
261,Croatia Serbia Montenegro,2002,2,35.54166667,34.7125,1,1,1.467030477,1.43641576,0.521916239,0.524734124,0.9,0.9,1,2,0,1,0,0,32.13333333,31.9875,34.7125,31.24125
262,Croatia Slovenia,1997,0,47.768487,44.071065,1,1,1.916783976,1.913481315,0.574569047,0.551196614,1,1,0.5,2,0,1,0,0,47.768487,47.768487,44.071065,44.071065
263,Croatia Turkey,2002,0,35.54166667,34.7125,1,1,1.467030477,1.43641576,0.521916239,0.524734124,0.9,0.9,1,3,0,1,0,0,27.55332033,31.9875,34.7125,31.24125
265,Cuba Ecuador,2000,0,81.4,81.4,1,1,1.3111561,1.320742218,0.274134065,0.261320808,0.9,0.8,0,1,0,1,0,0,0,12.21,0,12.21
266,Cuba Guatemala,1999,0,81.4,81.4,0,0,1.284427779,1.292235262,0.297047692,,0.9,0.9,0.5,1,0,1,0,0,0,12.21,0,12.21
267,Cuba MERCOSUR,2006,0,81.4,81.4,1,1,1.818224254,2.105950418,0.53315765,0.61036868,1,1,0.5,1,0,1,0,0,35.14819393,31.63337453,34.22229089,30.8000618
269,Cuba Mexico,2000,0,81.4,81.4,0,0,1.848242667,1.871391193,0.852727136,0.867374966,0.833333333,0.9,0.5,0,0,1,0,0,0,12.9841416,0,14.04
270,Cuba Paraguay,2000,0,81.4,81.4,0,0,1.3111561,1.320742218,,,0.833333333,0.85,0.5,1,0,1,0,0,0,12.21,0,12.21
273,Cuba Peru,2000,0,81.4,81.4,0,0,1.3111561,1.320742218,,,0.616666667,0.75,0,1,0,1,0,0,0,12.21,0,12.21
275,Cuba Uruguay,1999,0,81.4,81.4,0,0,1.284427779,1.292235262,0.355250463,0.42581058,1,1,0.5,0,0,1,0,0,0,23.625,0,23.625
277,Cuba Venezuela,1999,0,81.4,81.4,0,0,1.284427779,1.292235262,0.338614645,,0.883333333,0.85,0.5,2,0,1,0,0,0,12.21,0,12.21
279,Czech and Slovak Republic EFTA,1992,2,45.57469033,44.265072,1,1,3.981873855,3.203687209,0.984810899,0.842787682,1,1,1,2,0,0,0,0,45.57469033,45.57469033,44.265072,44.265072
282,Czech Republic Estonia,1996,2,44.85659533,39.517625,0,0,2.818985051,2.649296505,0.655150044,0.674519898,1,1,0.5,2,0,1,0,0,0,44.85659533,0,39.517625
283,Czech Republic Israel,1996,0,60.57154667,52.838138,1,1,2.818985051,2.649296505,0.695120443,0.747104247,1,1,0.5,2,0,1,0,0,60.57154667,48.45723733,52.838138,42.2705104
284,Czech Republic Latvia,1996,2,44.85659533,39.517625,0,0,2.818985051,2.649296505,0.673716605,0.674519898,1,1,1,2,0,1,0,0,0,44.85659533,0,39.517625
285,Czech Republic Lithuania,1995,2,53.143939,43.523556,1,1,2.905688812,2.498996991,0.695593922,0.63578019,1,1,1,2,0,1,0,0,19.21111111,53.143939,31.3,43.523556
286,Czech Republic Romania,1994,2,51.91730222,51.528605,0,0,3.140585552,3.308661657,0.799097668,0.644308943,1,1,0.5,,0,1,0,0,0,57.9541305,0,51.528605
287,Czech Republic Slovakia,1992,0,30.43522733,30.43522733,1,,3.981873855,3.203687209,0.984810899,0.883707068,,,,5,0,1,0,0,26.88177833,,,
288,Czech Republic Slovenia,1993,2,61.50559633,64.379656,0,1,3.546307229,2.909407789,0.883992283,0.755407654,1,1,1,2,0,1,0,0,29.0151515,64.379656,58.030303,64.379656
289,Czech Republic Turkey,1997,0,39.99345733,36.939191,0,0,2.571826232,2.567185201,0.663288385,0.679565066,1,1,1,2,0,1,0,0,0,39.99345733,0,36.939191
291,D8 PTA,2006,0,27.5,27.5,0,0,1.878793488,1.874952673,0.853743753,0.857532252,0.9,0.9,0.25,1,0,1,0,0,,14.48474687,,12.1521882
304,EC Egypt Euro-Med Association Agreement,2001,0,39.03098258,38.50713693,1,1,3.079615241,3.215031021,0.903695309,0.926714922,1,1,0.5,4,0,0,1,0,39.03098258,39.03098258,38.50713693,38.50713693
305,EC Estonia,1993,0,58.77921497,62.050641,0,0,2.57902947,2.752950505,0.796205807,0.828796758,1,1,0.5,3,0,0,1,0,0,47.02337198,0,49.6405128
306,EC Estonia Europe Agreement,1995,5,45.075024,42.431919,0,0,2.746290925,2.740560324,0.81259119,0.805843784,1,1,0.5,4,0,0,1,0,0,42.74659067,0,42.431919
307,EC Faroe Islands,1996,2,42.16793367,41.43364247,0,1,2.76035234,2.79513475,0.816436833,0.840333688,1,1,1,2,0,0,1,0,13.81121416,42.16793367,41.43364247,41.43364247
308,EC Faroe Islands,1991,2,36.8368959,36.66663718,0,0,2.46388699,2.492795253,0.742926676,0.786061747,1,1,1,2,1,0,1,0,0,36.8368959,0,36.66663718
312,EC Hungary,1991,5,44.61794694,36.66663718,1,0,2.701447213,2.647890168,0.91574359,0.905569007,1,1,1,5,0,0,1,0,36.15827897,42.08004655,0,36.66663718
316,EC Israel Euro-Med Association Agreement,1995,3,66.12550067,60.876502,1,1,2.746290925,2.740560324,0.81259119,0.805843784,1,1,0.5,5,0,0,1,0,66.12550067,52.90040053,60.876502,48.7012016
318,EC Jordan Euro-Med Association Agreement,1997,2,41.50697027,40.65534934,0,0,2.81426305,2.907094077,0.838465772,0.869219843,1,1,0.5,3,0,0,1,0,13.81121416,41.50697027,0,40.65534934
319,EC Latvia,1994,0,41.08611409,42.63823954,0,0,2.95530901,2.745361945,0.812038072,0.803133028,1,1,1,3,0,0,1,0,0,41.08611409,0,42.63823954
320,EC Latvia Europe Agreement,1995,5,42.74659067,42.431919,0,0,2.746290925,2.740560324,0.81259119,0.805843784,1,1,1,5,0,0,1,0,0,42.74659067,0,42.431919
323,EC Lebanon Euro-Med Association Agreement,2002,3,38.54210462,38.05295353,1,1,3.107898056,3.033915726,0.903758224,0.883365678,1,1,1,3,0,0,1,0,38.54210462,38.54210462,38.05295353,38.05295353
325,EC Lithuania,1994,0,41.08611409,42.63823954,1,1,2.663218367,2.745361945,0.801896234,0.803133028,1,1,1,3,0,0,1,0,8.777777778,41.08611409,13.16666667,42.63823954
326,EC Lithuania Europe Agreement,1995,5,42.74659067,42.431919,1,1,2.746290925,2.740560324,0.81259119,0.805843784,1,1,1,5,0,0,1,0,19.21111111,42.74659067,31.3,42.431919
328,EC Macedonia SAA,2001,3,39.03098258,38.50713693,1,1,3.079615241,3.215031021,0.903695309,0.926714922,1,1,0.5,5,0,0,1,0,39.03098258,39.03098258,38.50713693,38.50713693
330,EC Mexico,2000,0,39.62417109,39.0662234,1,1,2.978710185,3.074747422,0.883941331,0.901194074,1,1,1,3,0,0,1,0,39.62417109,39.62417109,39.0662234,39.0662234
331,EC Montenegro SAA,2007,3,31.59627694,30.59961,0,0,2.798564342,2.902517015,0.747625617,0.764024214,1,1,1,4,0,0,1,0,0,31.59627694,0,30.59961
334,EC Morocco Euro-Med Association Agreement,1996,0,42.16793367,41.43364247,0,1,2.76035234,2.79513475,0.816436833,0.840333688,1,1,0.5,4,0,0,1,0,13.81121416,42.16793367,41.43364247,41.43364247
337,EC Poland,1991,5,36.8368959,36.66663718,1,0,2.46388699,2.492795253,0.777579854,0.786061747,1,1,1,5,0,0,1,0,36.017149,36.8368959,0,36.66663718
340,EC Romania,1993,5,64.12708144,68.657806,0,0,2.57902947,2.752950505,0.796205807,0.828796758,1,1,0.5,5,0,0,1,0,0,48.09531108,0,51.4933545
341,EC San Marino,1991,0,36.8368959,36.66663718,0,0,2.46388699,2.492795253,0.742926676,0.786061747,1,1,1,1,1,0,1,0,0,36.8368959,0,36.66663718
342,EC Serbia SAA,2008,3,30.68888889,32.13333333,0,0,2.9399229,3.129479733,0.772006733,0.807677903,1,1,1,5,0,0,1,0,0,30.62209059,0,29.86165163
344,EC Slovakia,1993,5,42.71872289,67.285714,1,1,2.752901075,2.752950505,0.857960722,0.828796758,1,1,1,5,0,0,1,0,67.285714,57.1928569,67.285714,57.1928569
345,EC Slovenia,1993,0,61.50559633,58.030303,0,1,2.57902947,2.752950505,0.796205807,0.828796758,1,1,1,0,0,0,1,0,29.0151515,61.50559633,58.030303,58.030303
346,EC Slovenia Europe Agreement,1996,5,53.15726167,48.756906,1,1,2.76035234,2.79513475,0.816436833,0.840333688,1,1,1,4,0,0,1,0,53.15726167,53.15726167,48.756906,48.756906
347,EC South Africa,1999,3,40.15387974,39.51958741,1,1,2.922825737,2.94906728,0.873283254,0.883176932,1,1,1,4,0,0,1,0,38.36350511,40.15387974,39.51958741,39.51958741
354,EC Tunisia Euro-Med Association Agreement,1995,0,42.74659067,42.431919,1,1,2.746290925,2.740560324,0.81259119,0.805843784,1,1,0.5,4,0,0,1,0,0,42.74659067,0,42.431919
355,EC Turkey,1995,0,42.74659067,42.431919,0,0,2.746290925,2.740560324,0.81259119,0.805843784,1,1,1,3,0,0,1,0,0,42.74659067,0,42.431919
360,Economic and Monetary Community of Central Africa (CEMAC),1994,0,3.5,3.5,1,1,0.205509185,0.342459436,0.132141883,0.113749521,0.75,0.75,0,2,0,1,0,0,,1.05,,1.05
361,Economic and Monetary Community of Central Africa (CEMAC) revised ,2008,0,3.5,3.5,1,1,0.369511451,0.372815119,0.076988235,0.076988235,0.75,0.75,0,1,0,1,0,0,,1.05,,1.05
367,Economic Community Of West African States (ECOWAS),1993,3,70,70,1,1,1.343049984,0.993922703,0.774518723,0.574699033,0.9,0.9,0.266666667,2,0,1,0,0,46.8,28,,32.04
370,Economic Cooperation Organization (ECO) Preferences,1991,0,35.42217367,35.25897,1,0,0.828199444,0.821550503,0.40745081,0.431624088,0.95,0.95,0.666666667,0,0,1,0,0,10.46666667,33.65106498,0,33.4960215
371,Economic Cooperation Organization Trade Agreement (ECOTA),2003,0,41.45,41.45,1,1,2.762280616,2.766761081,0.970420286,0.990885275,0.85,0.85,0.111111111,0,0,1,0,0,27.2392965,21.76471835,0,18.987351
372,Ecuador Mexico,1993,0,19.7383959,20.32061,1,1,1.862261351,1.896887926,0.966243968,0.966255117,0.95,0.95,0.5,0,0,1,0,0,0,9.869197949,0,10.160305
373,Ecuador Paraguay,1994,0,4.9,4.9,1,1,0.523249196,0.536321366,0.295520683,0.299994588,0.95,0.95,1,0,0,1,0,0,0,4.165,0,4.165
374,Ecuador Uruguay,1994,0,23.625,23.625,1,1,0.63705134,0.674204879,0.295520683,0.299994588,1,1,1,1,0,1,0,0,0,23.625,0,23.625
376,EFTA Egypt,2007,1,27.5,27.5,,,4.294585905,4.4604425,0.3779191,,0.35,0.35,0,4,0,0,0,0,,9.625,,9.625
377,EFTA Estonia,1995,2,45.075024,32.351439,0,0,3.12297186,3.033612047,0.390065546,0.365409623,0.8,0.8,0,3,0,0,0,0,0,36.0600192,0,25.8811512
379,EFTA GCC,2009,2,,,,,4.562482794,4.78506297,,,0.15,0.15,0,5,0,0,0,0,,,,
380,EFTA Hungary,1993,2,44.336765,43.215927,1,1,2.787481117,2.752950505,0.905569007,0.659300719,1,1,1,2,0,0,0,0,44.336765,44.336765,43.215927,43.215927
382,EFTA Israel,1992,0,70.5,70,1,1,2.160659055,2.164024407,0.66418804,0.656852224,1,1,0.5,3,0,0,0,0,45.57469033,56.4,44.265072,56
383,EFTA Jordan,2001,2,,,,,4.060123489,4.105547522,0.266232189,0.244227501,0.4,0.4,0,2,0,0,0,0,,,,
384,EFTA Korea,2005,1,10.33333333,9.9,0,0,4.072736138,4.36622957,1.252183562,1.291843153,0.9,0.9,1,5,0,0,0,0,0,9.3,0,8.91
385,EFTA Latvia,1995,2,22.38333333,27.4,0,0,3.12297186,3.033612047,0.7572957,0.67605503,0.9,0.9,1,3,0,0,0,0,0,20.145,0,24.66
386,EFTA Lebanon,2004,2,,,,,4.050019376,4.083629511,,,,,,2,0,0,0,0,,,,
388,EFTA Lithuania,1995,2,19.21111111,31.3,1,1,3.12297186,3.033612047,0.593855013,,1,1,1,2,0,0,0,0,19.21111111,19.21111111,31.3,31.3
389,EFTA Macedonia,2000,2,28,28,1,,3.994760311,4.056342137,0.252063562,0.248182623,0.8,0.8,0,2,0,0,0,0,28,22.4,,22.4
390,EFTA Mexico,2000,2,15.580177,15.6,0,0,3.994760311,4.056342137,0.852727136,0.867374966,0.833333333,0.9,1,7,0,0,0,0,0,12.9841416,0,14.04
391,EFTA Morocco,1997,2,,,,,3.32881054,3.839836527,0.225829156,0.223087099,0.15,0.15,0,2,0,0,0,0,,,,
392,EFTA Poland,1992,2,45.57469033,44.265072,1,1,2.160659055,2.164024407,0.75004768,0.689903478,1,1,1,2,0,0,0,0,45.57469033,45.57469033,44.265072,44.265072
393,EFTA Romania,1992,2,55.75682956,44.265072,1,1,2.160659055,2.164024407,0.708401093,0.659270577,1,1,0.5,2,0,0,0,0,45.57469033,45.57469033,44.265072,44.265072
394,EFTA Serbia,2009,2,30.68888889,32.13333333,,,4.562482794,4.78506297,,,0.9,0.9,1,3,0,0,0,0,,27.62,,28.92
395,EFTA services,2001,2,,,,,4.060123489,4.105547522,,,,,,5,1,0,0,0,,,,
396,EFTA Singapore,2002,1,17.3,19.3,,,6.863933573,6.598715724,2.314082809,2.309737479,0.4,0.4,0,5,0,0,0,0,,6.92,,7.72
398,EFTA Slovenia,1995,2,56.248394,50.47749,1,1,3.12297186,3.033612047,0.516669016,0.571538427,1,1,1,3,0,0,0,0,56.248394,56.248394,50.47749,50.47749
399,EFTA Southern African Customs Union (SACU),2006,2,,,0,0,4.168981575,4.288683886,0.094216995,0.11794153,0.9,0.9,1,2,0,0,0,0,,,,
401,EFTA Tunisia,2004,2,,,1,1,4.050019376,4.083629511,0.220088342,,0.3,0.3,0,2,0,0,0,0,,,,
402,EFTA Turkey,1991,0,46.81688667,45.529296,1,1,2.201549672,2.249121992,0.686233344,0.677542989,1,1,1,2,0,0,0,0,46.81688667,46.81688667,45.529296,45.529296
404,Egypt Jordan,1998,0,27.5,27.5,,,0.633825841,0.598053896,0.36406039,0.349215295,0.4,0.4,0,1,0,1,0,0,,5.5,,5.5
405,Egypt Jordan,1996,0,27.5,27.5,,,0.694675729,0.659263651,0.400456587,0.387030402,0.4,0.4,0,1,0,1,0,0,,5.5,,5.5
410,Egypt Morocco,1998,0,27.5,27.5,,,0.633825841,0.598053896,0.36406039,0.345179017,0.2,0.2,0,1,0,1,0,0,,5.5,,5.5
412,Egypt PLO,1998,0,27.5,27.5,,,0.633825841,0.598053896,0.36406039,0.345179017,0.2,0.2,0,0,0,1,0,0,,5.5,,5.5
413,Egypt Syria,1991,0,27.5,27.5,,,0.719027143,0.711038033,0.432206104,0.431073348,0.2,0.2,0,0,0,1,0,0,,5.5,,5.5
415,Egypt Turkey,2005,0,27.5,27.5,,,0.687365196,0.720920859,0.374329342,0.381078679,0.85,0.85,0.5,3,0,1,0,0,,16.76313447,,14.2687749
416,El Salvador Honduras Taiwan,2007,1,36.26666667,35.8,0,0,0.466198091,0.475525376,1.3194677,,1,1,1,4,0,1,0,0,0,36.26666667,0,35.8
424,Estonia Faroe Islands,1997,2,28.01523033,22.9,0,0,1.055261401,0.837482368,0.292294141,0.228274968,0.8,0.8,0,2,1,0,0,0,0,22.41218427,0,18.32
425,Estonia Finland,1992,2,75.445421,93.915604,0,0,2.581097014,2.66309861,0.702620902,0.730046948,1,1,0.5,1,0,0,0,0,0,75.445421,0,78.390059
426,Estonia Hungary,1998,0,34.316672,27.550016,1,1,1.506000817,1.890726181,0.571314199,0.746140657,1,1,0.5,2,0,1,0,0,34.316672,34.316672,27.550016,27.550016
427,Estonia Norway,1992,0,58.233093,93.915604,1,1,3.878658681,4.242971861,1.003606597,1.112377422,1,1,0.5,2,0,0,0,0,38.72195667,58.233093,58.069279,75.1324832
428,Estonia Slovakia,1996,2,56.02366467,47.827131,1,1,2.237600053,2.414083579,0.721181355,0.738162094,0.85,0.85,0.5,2,0,1,0,0,56.02366467,47.62011497,47.827131,40.65306135
429,Estonia Slovenia,1996,2,53.15726167,48.756906,1,1,1.792070026,1.96900988,0.555387369,0.600972101,1,1,0.5,2,0,1,0,0,53.15726167,53.15726167,48.756906,48.756906
430,Estonia Sweden,1991,0,82.558809,82.787606,1,1,4.87600086,4.812456252,1.17436302,1.213581249,1,1,0.5,1,0,0,0,0,82.558809,82.558809,82.787606,82.787606
431,Estonia Switzerland,1992,2,44.88613461,93.915604,0,0,4.3883487,4.496606966,0.991264691,1.002625533,1,1,0.5,3,0,0,0,0,0,45.71480156,0,75.1324832
432,Estonia Turkey,1997,0,30.76680233,29.739682,0,0,1.055261401,0.837482368,0.362120316,0.354068653,0.883333333,0.85,0.5,2,0,1,0,0,0,27.19446073,0,25.2787297
433,Estonia Ukraine,1995,2,45.075024,42.1,1,0,2.402499628,2.521279396,0.787320674,0.784398034,0.816666667,0.85,0.5,1,0,1,0,0,28.06666667,36.0600192,0,35.785
434,Eurasian Economic Community (EAEC),1999,3,79.7,79.7,1,1,3.653879816,3.564666278,1.088306017,1.016486868,0.65,0.65,0,1,0,1,0,0,0,31.79583333,0,36.14
437,European Economic Area (EEA),1992,5,45.57469033,44.265072,1,1,2.488131013,2.491342652,0.76066881,0.773758917,1,1,1,5,1,0,1,0,45.57469033,45.57469033,44.265072,44.265072
438,Faroe Islands Iceland,1992,2,87.67446667,87.511312,0,0,0.648371356,0.674460853,0.161700684,0.163698049,,,,3,1,0,0,0,0,,0,
439,Faroe Islands Iceland,2005,0,96.63333333,95.6,0,0,2.323173021,2.320442437,,,,,,3,0,0,0,0,0,,0,
440,Faroe Islands Norway,1992,2,58.233093,58.069279,1,1,3.878658681,4.242971861,1.003606597,1.112377422,1,1,1,2,1,0,0,0,38.72195667,58.233093,58.069279,58.069279
441,Faroe Islands Poland,1998,2,20.42500433,20.451637,1,1,1.775178462,1.774267186,0.635813314,0.617361974,0.95,0.95,1,2,0,0,0,0,20.42500433,19.40375412,20.451637,19.42905515
443,Faroe Islands Switzerland,1992,0,22.62459633,22.841879,0,0,4.3883487,4.496606966,0.991264691,1.002625533,1,1,1,1,1,0,0,0,0,22.62459633,0,22.841879
448,Finland Latvia,1992,2,75.445421,78.390059,0,0,3.341253946,3.125708986,0.883886746,0.840282144,1,1,1,1,0,0,0,0,0,75.445421,0,78.390059
449,Finland Lithuania,1992,2,75.445421,78.390059,0,0,2.581097014,2.730006285,0.733435966,0.733435966,1,1,1,1,0,0,0,0,0,75.445421,0,78.390059
454,Georgia Kazakhstan,1997,0,41.45,41.45,0,0,1.521615946,1.568348711,,,0.75,0.75,0,1,0,1,0,0,0,12.435,0,12.435
455,Georgia Russia,1994,0,58.41666667,45.575,0,0,3.469451961,3.321289457,1.058219496,1.039642016,0.7,0.7,0,1,0,1,0,0,,39.49,,29.62375
456,Georgia Turkey,2007,0,14.45794633,12.290353,,,1.492510133,1.074836996,0.505352134,0.377188696,0.85,0.85,0.5,3,0,1,0,0,,12.28925438,,10.44680005
457,Georgia Turkmenistan,1996,1,,,1,1,1.463122784,1.51845582,,,0.733333333,0.75,0,1,0,1,0,0,,,,
458,Georgia Ukraine,1995,0,42.1,42.1,1,0,2.402499628,2.521279396,0.787320674,0.784398034,0.816666667,0.85,0.5,1,0,1,0,0,28.06666667,34.38166667,0,35.785
462,Greater Arab Free Trade Agreement,1997,0,27.5,27.5,1,1,2.056489847,2.491846626,0.539901161,0.359971751,0.5,0.5,0,1,0,1,0,0,,5.5,,5.5
464,Group of Three,1994,2,25.633994,26.300163,0,0,1.751528693,1.495572482,0.902015837,0.767669575,0.95,0.95,0.666666667,2,0,1,0,0,0,24.3522943,0,24.98515485
465,Group of Three Auto Agreement,2004,0,24.24875525,24.24875525,0,0,1.916422949,1.938944335,0.837277351,0.365207044,0.9,0.9,0.666666667,0,0,1,0,0,0,20.61144196,0,20.61144196
466,GUAM/GUUAM Organization for Democracy and Economic Development,2002,0,43.73333333,43.73333333,1,1,3.671456657,3.733684937,1.035453235,1.019933446,0.883333333,0.9,0.25,2,0,1,0,0,43.73333333,38.63111111,43.73333333,39.36
468,Guatemala Mexico,2000,0,15.580177,15.6,0,0,1.848242667,1.871391193,0.852727136,0.867374966,0.9,0.9,1,0,0,1,0,0,0,12.9841416,0,14.04
470,Guatemala Taiwan,2005,1,37.73333333,37,0,0,0,0,0,0,0.983333333,1,1,5,0,1,0,0,0,37.09333333,0,37
474,Gulf Cooperation Council (GCC),2001,0,2.3,2.3,,,1.065407729,1.028718263,0.383749773,0.383749773,0.15,0.15,0,1,0,1,0,0,,0.345,,0.345
475,Gulf Cooperation Council (GCC) Singapore,2008,0,18.06666667,17.5,,,6.822635254,7.157847857,3.068542758,3.354907227,0.4,0.4,0,5,0,1,0,0,,7.226666667,,7
476,Guyana Venezuela,1990,0,,,1,1,0.684128515,0.69748767,0.370089822,0.369600652,0.95,0.95,0.5,0,0,1,0,0,,,,
481,Hungary Israel,1997,2,53.42629433,46.564243,1,1,1.532183283,1.785169807,0.745392968,0.77216522,1,1,0.5,3,0,1,0,0,41.504411,42.74103547,34.1,37.2513944
482,Hungary Latvia,1999,0,28.716672,24.5,1,1,1.792909009,2.049188923,0.674064921,0.772960713,1,1,1,2,0,1,0,0,28.716672,28.716672,24.5,24.5
483,Hungary Lithuania,1998,0,34.316672,27.550016,1,1,2.000285599,1.890726181,0.571314199,0.746140657,1,1,1,2,0,1,0,0,34.316672,34.316672,27.550016,27.550016
487,Hungary Slovenia,1994,2,59.422564,60.237389,1,1,2.474485853,1.708904376,0.648446232,0.648446232,1,1,1,2,0,1,0,0,39.422564,59.422564,60.237389,60.237389
488,Hungary Turkey,1997,0,41.504411,34.1,1,1,1.251953327,1.438811922,0.468177585,0.503093393,1,1,1,2,0,1,0,0,41.504411,41.504411,34.1,34.1
489,India Korea,2009,0,18.354843,12.9,1,1,5.300977904,5.42053871,1.469703089,1.432306356,0.95,0.95,1,5,0,1,0,0,18.354843,17.43710085,12.9,12.255
490,India MERCOSUR,2004,0,34.22229089,34.22229089,1,1,1.598328405,1.703929435,0.579323617,0.545410419,1,1,1,1,0,1,0,0,29.031386,30.8000618,34.22229089,30.8000618
491,India Nepal,1991,0,28.419615,22.82198,1,1,1.126882842,1.146976087,0.635743623,0.656747051,0.9,0.9,0.5,0,0,1,0,0,28.419615,25.5776535,22.82198,20.539782
492,India Nepal,2009,0,18.354843,12.9,1,1,0.979124494,0.986880143,0.544339451,0.570445976,0.95,0.95,0.5,1,0,1,0,0,18.354843,17.43710085,12.9,12.255
493,India Singapore,2005,0,20,21.0822645,0,1,7.68101144,9.131982507,2.493479151,2.674387058,0.95,0.95,0.5,4,0,1,0,0,7.0274215,18.40209993,21.0822645,20.02815128
494,India Sri Lanka,1998,0,23.930063,25.665696,1,1,1.213196862,1.159292463,0.658119315,0.633215996,0.95,0.95,0.5,1,0,1,0,0,23.930063,22.73355985,25.665696,24.3824112
495,Indonesia Japan,2007,0,18.46666667,18.3,0,0,5.293601036,5.384667743,1.24945231,1.253601429,1,1,1,5,0,0,0,0,0,18.46666667,0,18.3
497,Iran Pakistan,2004,0,15.7,15.7,,,1.343431053,1.400788241,0.680324824,0.707879249,0.5,0.25,0,1,0,1,0,0,,3.925,,3.925
498,Iran Syria,2006,0,16.9,16.9,,,1.442101825,1.438763686,0.723349301,0.730055164,0.2,0.2,0,1,0,1,0,0,,2.535,,2.535
506,Israel Jordan,1995,0,66.12550067,60.876502,1,1,1.30088896,1.077287093,0.657539438,0.716909436,0.8,0.8,0,0,0,1,0,0,66.12550067,52.90040053,60.876502,48.7012016
508,Israel MERCOSUR,2007,0,35.14819393,34.22229089,1,1,2.440627038,2.587244852,0.977724403,1.027907917,1,1,0.5,2,0,1,0,0,35.14819393,31.63337453,34.22229089,30.8000618
509,Israel Mexico,2000,1,42.07006533,40.8,0,0,2.075811639,2.183016131,0.866744561,0.903808447,0.833333333,0.9,0.5,4,0,1,0,0,0,33.65605227,0,32.64
510,Israel PLO,1994,0,69.16666667,68,1,1,1.417646634,1.422796237,0.629898602,0.621347645,0.8,0.8,0,2,0,1,0,0,45.83333333,55.33333333,68,54.4
511,Israel Poland,1997,0,53.42629433,46.564243,1,1,1.708984105,1.805599829,0.745392968,0.77216522,0.95,0.95,0.5,2,0,1,0,0,37.90488,42.74103547,20.448864,37.2513944
512,Israel Romania,2001,2,43.54705033,43.54705033,0,1,2.152171348,2.192433241,0.885123327,0.893805995,0.9,0.9,0.5,2,0,1,0,0,14.51568344,39.1923453,43.54705033,39.1923453
513,Israel Slovakia,1996,0,60.57154667,52.838138,1,1,2.237600053,2.414083579,0.721181355,0.747104247,0.85,0.85,0.5,2,0,1,0,0,60.57154667,48.45723733,52.838138,42.2705104
514,Israel Slovenia,1998,0,47.827596,44.080407,1,1,1.99067103,2.089521894,0.785979721,0.838669696,1,1,0.5,2,0,1,0,0,45.17363667,45.17363667,42.692939,42.692939
515,Israel Turkey,1996,0,60.57154667,52.838138,1,1,1.411392093,1.734092949,0.695120443,0.747104247,0.9,0.9,0.5,3,0,1,0,0,60.57154667,48.45723733,52.838138,42.2705104
517,Japan Malaysia,2005,0,19.2,18.8,0,0,5.090896113,5.221254799,1.22915251,1.253304116,1,1,0.5,6,0,0,0,0,0,19.2,0,18.8
518,Japan Mexico,2004,0,19.7,19.1,0,0,4.996327345,5.088084995,1.210664101,1.23511541,1,1,1,6,0,0,0,0,0,19.7,0,19.1
519,Japan Philippines,2006,0,18.73333333,18.3,0,0,5.19474012,5.274880567,1.243290303,1.241451384,1,1,1,6,0,0,0,0,0,18.73333333,0,18.3
520,Japan Singapore,2002,0,20.9,20.3,0,0,6.863933573,6.598715724,2.314082809,2.309737479,1,1,0.5,6,0,0,0,0,0,20.9,0,20.3
521,Japan Switzerland,2009,0,18.33333333,18.5,0,0,6.371620653,7.247600686,1.387944346,1.387944346,1,1,1,6,1,0,0,0,0,18.33333333,0,18.5
522,Japan Thailand,2007,0,18.46666667,18.3,0,0,5.293601036,5.384667743,1.24945231,1.253601429,1,1,0.5,6,0,0,0,0,0,18.46666667,0,18.3
523,Japan Vietnam,2008,0,18.26666667,18.2,0,0,4.906024205,4.058524306,1.144495433,0.938433486,1,1,0.5,6,0,0,0,0,0,18.26666667,0,18.2
524,Jordan Kuwait,2001,0,2.3,2.3,,,1.065407729,1.028718263,0.284674954,0.282577885,0.4,0.4,0,,0,1,0,0,,0.345,,0.345
526,Jordan Lebanon,1992,0,,,0,0,0.356227068,0.346072888,0.276264883,0.266736604,0.333333333,0.4,0,1,0,1,0,0,,,,
527,Jordan Lebanon,2002,0,,,,,0.349509237,0.356926575,0.279366572,0.291466904,0.4,0.4,0,1,0,1,0,0,,,,
528,Jordan Libya,1992,0,,,1,1,0.355897405,0.340286064,0.276264883,0.266736604,0.333333333,0.4,0,1,0,1,0,0,,,,
529,Jordan Morocco,1994,0,,,,,0.334856461,0.346424883,0.265364724,0.249600114,0.4,0.4,0,0,0,1,0,0,,,,
530,Jordan Morocco,1998,0,,,,,0.402599364,0.430457913,0.325912234,0.349215295,0.4,0.4,0,2,0,1,0,0,,,,
531,Jordan PLO,1995,0,8.3,8.3,,,0.34312173,0.365081869,0.274721211,0.294806066,0.4,0.4,0,1,0,1,0,0,,,,
534,Jordan Singapore,2004,1,19.96666667,20.1,,,6.836589179,6.84223496,2.371929291,2.481449921,0.4,0.4,0,4,0,1,0,0,,7.986666667,,8.04
535,Jordan Sudan,2003,0,,,,,0.32795127,0.326833142,0.267973998,0.26822759,0.4,0.4,0,,0,1,0,0,,,,
537,Jordan Syria,2001,0,16.9,16.9,,,0.328520631,0.300094094,0.266232189,0.244227501,0.4,0.4,0,2,0,1,0,0,,1.971666667,,2.535
540,Jordan Tunisia,1998,0,,,1,1,0.402599364,0.430457913,0.325912234,0.349215295,0.4,0.4,0,1,0,1,0,0,,,,
541,Jordan Turkey,2009,0,11.051398,10.196762,,,0.752570763,0.772412556,0.372026399,0.366724062,0.85,0.85,0.5,3,0,1,0,0,,9.3936883,,8.6672477
542,Jordan UAE,2000,0,,,,,0.403101704,0.397668444,0.301228121,0.30240531,0.4,0.4,0,1,0,1,0,0,,,,
543,Jordan US,2000,5,13.18747433,12.8,1,1,0.371975237,0.372143054,0.931703529,0.924147785,1,1,0.5,4,0,0,0,1,13.18747433,13.18747433,12.8,12.8
544,Kazakhstan Kyrgyzstan,1995,0,41.45,41.45,0,0,1.486183096,1.453629829,0.580614536,0.566207775,0.35,0.35,0,1,0,1,0,0,0,13.81666667,0,12.435
548,Kazakhstan Ukraine,1994,0,42.1,42.1,1,1,2.258574957,2.374620799,0.77745443,0.798545048,0.8,0.85,0.5,1,0,1,0,0,42.1,33.68,42.1,35.785
550,Korea Singapore,2005,1,20,19.4,0,0,7.68101144,9.131982507,2.493479151,2.674387058,0.9,0.9,0.5,7,0,1,0,0,0,9.3,0,8.91
551,Korea US,2007,5,11.7,11.6,0,0,4.844254013,5.445434846,1.399810434,1.554062456,1,1,1,7,0,0,0,1,0,11.7,0,11.6
555,Kyrgyzstan Moldova,1995,1,43.73333333,43.73333333,0,1,1.486183096,1.453629829,0.580614536,0.566207775,0.85,0.85,0.5,1,0,1,0,0,14.57777778,37.17333333,43.73333333,37.17333333
556,Kyrgyzstan Russia,1992,0,54.38333333,45.575,1,0,3.871356671,3.681082706,1.412507896,0.580777936,0.583333333,0.75,0,1,0,1,0,0,58.7875,30.98958333,,34.18125
558,Kyrgyzstan Ukraine,1995,0,42.1,42.1,1,0,2.402499628,2.521279396,0.787320674,0.784398034,0.816666667,0.85,0.5,1,0,1,0,0,28.06666667,34.38166667,0,35.785
559,Kyrgyzstan Uzbekistan,1996,0,,,1,1,1.384855207,1.312960708,0.546359314,0.530191064,0.35,0.35,0,1,0,1,0,0,,,,
560,Laos Thailand,1991,0,15.5,15.5,0,0,0.65079932,0.662803023,0.242679938,0.266811417,0.583333333,0.45,0,0,0,1,0,0,0,2.325,0,2.325
564,Latvia Norway,1992,2,58.233093,58.069279,1,1,3.878658681,4.242971861,1.003606597,1.112377422,1,1,1,2,0,0,0,0,38.72195667,58.233093,58.069279,58.069279
565,Latvia Poland,1997,2,22.38333333,20.448864,1,1,1.970979257,1.805599829,0.631932549,0.6335438,0.95,0.95,1,2,0,1,0,0,20.411688,20.145,20.448864,19.4264208
566,Latvia Slovakia,1996,2,56.02366467,47.827131,1,1,2.3766106,2.414083579,0.721181355,0.738162094,0.9,0.9,1,2,0,1,0,0,56.02366467,47.62011497,47.827131,40.65306135
567,Latvia Slovenia,1996,2,53.15726167,48.756906,1,1,2.3766106,1.96900988,0.673716605,0.602171857,1,1,1,2,0,1,0,0,53.15726167,53.15726167,48.756906,48.756906
568,Latvia Sweden,1992,2,83.10782233,85.001423,1,0,4.835083636,4.684420732,1.209302822,1.241473731,1,1,1,2,0,0,0,0,54.77401467,83.10782233,0,85.001423
569,Latvia Switzerland,1992,2,28.58333333,46,0,0,4.3883487,4.496606966,0.991264691,1.002625533,1,1,1,3,0,0,0,0,0,29.64375,0,41.4
570,Latvia Turkey,1998,0,29.90686333,29.40698,0,0,1.52085844,1.120362964,0.444345004,0.361076097,0.9,0.9,1,2,0,1,0,0,0,25.9303993,0,24.995933
574,Libya Morocco,1990,0,,,1,1,0.33672067,0.291830766,0.226218806,0.220711055,0.15,0.15,0,,0,1,0,0,,,,
576,Lithuania Norway,1992,2,58.233093,58.069279,1,1,3.878658681,4.242971861,1.003606597,1.112377422,1,1,1,2,0,0,0,0,38.72195667,58.233093,58.069279,58.069279
577,Lithuania Poland,1996,2,22.57771333,20.374512,1,1,1.949796297,2.432132385,0.635903732,0.656534169,1,1,1,2,0,1,0,0,20.374512,20.99615277,20.374512,19.3557864
578,Lithuania Slovakia,1996,2,56.02366467,47.827131,1,1,2.237600053,2.432132385,0.721181355,0.738162094,1,1,1,2,0,1,0,0,56.02366467,47.62011497,47.827131,40.65306135
579,Lithuania Slovenia,1996,2,53.15726167,48.756906,1,1,1.949796297,2.432132385,0.555387369,0.600972101,1,1,1,2,0,1,0,0,53.15726167,53.15726167,48.756906,48.756906
580,Lithuania Sweden,1991,0,82.558809,82.787606,1,1,4.87600086,4.812456252,1.17436302,1.213581249,1,1,1,1,0,0,0,0,82.558809,82.558809,82.787606,82.787606
581,Lithuania Switzerland,1992,2,22.62459633,22.841879,0,0,4.3883487,4.496606966,0.991264691,1.002625533,1,1,1,3,0,0,0,0,0,22.62459633,0,22.841879
582,Lithuania Turkey,1997,0,30.76680233,29.739682,1,1,1.870084551,1.832728517,0.503007159,0.492474766,1,1,1,2,0,1,0,0,19.21111111,27.19446073,13.16666667,25.2787297
589,Macedonia Moldova,2004,2,43.73333333,43.73333333,1,1,0.856394562,0.98669385,0.319945146,0.38377193,0.95,0.95,1,2,0,1,0,0,43.73333333,39.36,43.73333333,39.36
590,Macedonia Romania,2003,0,38.04901678,35.9,1,1,0.928475313,0.702821636,0.42282879,0.400706985,0.9,0.95,1,2,0,1,0,0,38.04901678,34.2441151,35.9,32.31
592,Macedonia Slovenia,1996,2,53.15726167,48.756906,1,1,1.792070026,1.96900988,0.555387369,0.600972101,1,1,0.5,2,0,1,0,0,53.15726167,53.15726167,48.756906,48.756906
593,Macedonia Turkey,1999,0,29.47196333,29.269228,1,0,1.209597072,1.199004022,0.362154202,0.371317855,0.85,0.85,0.5,2,0,1,0,0,28,25.05116883,0,24.8788438
594,Macedonia Ukraine,2001,0,42.1,42.1,0,0,3.172670804,3.606132603,0.926683299,1.026626267,0.816666667,0.8,0,2,0,1,0,0,0,34.38166667,0,33.68
595,Malawi Mozambique,2005,0,4.1,4.1,1,1,0.402617748,0.398547797,0.119217271,0.118046305,0.783333333,0.8,0,1,0,1,0,0,0,3.211666667,0,3.28
598,Malaysia New Zealand,2009,4,21.1,21.4,1,0,2.717580963,2.657167767,0.80915174,0.819384633,1,1,0.5,6,0,0,0,0,13.96666667,21.1,0,21.4
599,Malaysia Pakistan,2007,0,15.7,15.7,,,1.824484584,1.780829356,0.828984861,0.800328457,0.65,0.65,0,4,0,1,0,0,,6.673333333,,9.42
602,Mauritius Pakistan,2007,0,30.27095764,28.2,,,0.436965194,0.465093772,0.251151672,0.047852162,1,1,0.5,1,0,1,0,0,,30.27095764,,28.2
603,Melanesian Spearhead Group (MSG ),1993,0,,,1,1,1.357285706,1.344619923,,,0.9,0.9,0.5,0,0,1,0,0,,,,
604,MERCOSUR,1991,0,37.48152726,34.22229089,0,0,1.505048632,1.358414002,0.834946348,0.255146798,1,1,0.75,2,0,1,0,0,0,31.85929817,0,29.08894726
605,MERCOSUR Mexico Auto Agreement,2002,0,36.81486059,34.22229089,1,1,1.891433744,1.934668554,0.867374966,0.579323617,1,1,1,1,0,1,0,0,28.12873967,33.13337453,28.171976,30.8000618
606,MERCOSUR Peru,2005,0,35.14819393,37,1,1,1.638700879,1.644792908,0.492244565,0.502836689,1,1,1,2,0,1,0,0,29.733815,31.63337453,37,33.3
607,MERCOSUR services,1997,0,34.22229089,34.22229089,1,1,1.621550891,1.330802909,0.655499403,0.602894647,1,1,1,3,0,1,0,0,28.33069,29.08894726,28.015668,29.08894726
608,MERCOSUR Southern African Customs Union (SACU),2004,0,37.96666667,34.22229089,1,1,1.598328405,1.703929435,0.579323617,0.528767482,1,1,0.8,2,0,1,0,0,37.96666667,36.06833333,34.22229089,32.015
611,Mexico Nicaragua,1997,2,15.41242167,15.156282,0,0,1.618034776,1.711291455,0.784338107,0.807427018,0.9,0.9,0.5,6,0,1,0,0,0,11.29390457,0,12.1250256
612,Mexico Northern Triangle,2000,2,15.580177,15.6,0,0,1.848242667,1.871391193,0.852727136,0.867374966,0.9,0.9,1,5,0,1,0,0,0,12.9841416,0,14.04
616,Mexico Uruguay,2004,0,23.625,23.625,0,0,1.916422949,1.938944335,0.837277351,0.397185942,1,1,1,6,0,1,0,0,0,23.625,0,23.625
617,Moldova Romania,1994,2,51.91730222,43.73333333,0,0,0.792393657,0.114149133,0.656330185,0.644308943,0.816666667,0.85,0.5,2,0,1,0,0,0,38.93797667,0,37.17333333
619,Moldova Serbia,2003,2,43.73333333,43.73333333,1,1,0.917899803,0.983940057,0.325900951,0.373847443,0.9,0.9,0.5,2,0,1,0,0,43.73333333,39.36,43.73333333,39.36
621,Moldova Ukraine,2003,2,43.73333333,43.73333333,1,1,3.695780735,3.747524666,1.015299875,0.999339911,0.9,0.9,0.5,2,0,1,0,0,43.73333333,39.36,43.73333333,39.36
624,Montenegro Turkey,2008,0,25.9,25.9,,,0.737900227,0.77002975,0.366314209,0.387909724,0.95,0.95,1,3,0,1,0,0,,24.605,,24.605
625,Morocco Tunisia,1999,0,,,1,1,0.419332975,0.459546547,0.231170802,0.243143445,0.35,0.35,0,2,0,1,0,0,,,,
626,Morocco Turkey,2004,0,22.50254467,20.03915,1,,0.647025869,0.685937009,0.312936154,0.328293148,0.85,0.85,0.5,2,0,1,0,0,25.130424,19.12716297,,17.0332775
627,Morocco UAE,2001,0,,,,,0.447420953,0.542076791,0.208399951,0.197132289,0.2,0.2,0,3,0,1,0,0,,,,
628,Morocco US,2004,5,12.33333333,12,0,0,0.417845915,0.43886317,0.920451575,0.913856378,1,1,0.5,6,0,0,0,1,0,12.33333333,0,12
630,Namibia Zimbabwe,1992,0,22,22,1,1,0.387102656,0.384550987,0.199320642,0.151337247,0.8,0.8,0,0,0,1,0,0,22,17.6,22,17.6
631,New Zealand Singapore,2000,1,22.02666467,22.3,0,1,6.503969124,7.186921516,2.350611348,2.265251933,1,1,0.5,5,0,0,0,0,7.433333333,22.02666467,22.3,22.3
632,New Zealand Thailand,2005,4,20.93333333,20.9,1,1,2.278218141,2.444277899,0.4852391,0.479045643,1,1,1,5,0,0,0,0,20.93333333,20.93333333,20.9,20.9
634,Nicaragua Taiwan,2006,5,36.93333333,36,0,0,0.744348435,0.780949148,1.3194677,1.3194677,1,1,1,6,0,1,0,0,0,36.93333333,0,36
636,North American Free Trade Agreement (NAFTA),1992,5,34.94785733,35.735137,0,0,2.599700051,2.577454906,1.03117233,1.018831838,1,1,0.666666667,7,0,0,0,1,0,34.94785733,0,35.735137
637,Oman US,2006,5,11.83333333,11.5,0,0,0.588590798,0.690925544,0.921288297,0.927611142,1,1,0.5,6,0,0,0,1,0,11.83333333,0,11.5
639,Pacific Island Countries Trade Agreement (PICTA ),2001,0,,,1,1,0.35715838,0.354995031,0.189966877,0.158102767,0.766666667,0.75,0,1,0,1,0,0,,,,
640,Pakistan Sri Lanka,2002,0,15.7,16.971021,1,1,0.401277153,0.436682058,0.221205157,,0.783333333,0.8,0,2,0,1,0,0,13.91498613,10.92553943,16.971021,13.5768168
641,Panama Singapore,2006,0,24.85,24.85,0,,7.531899974,6.621482454,2.672478118,2.861597374,0.95,0.95,0.5,6,0,1,0,0,0,23.6075,,23.6075
642,Panama Taiwan,2003,1,38.76666667,38.4,0,0,0.355851466,0.323245358,1.200717623,,0.95,0.95,1,6,0,1,0,0,0,36.82833333,0,36.48
643,Panama US,2007,5,24.85,24.85,0,0,0.381230089,0.32525303,0.937102787,0.961299848,1,1,1,6,0,0,0,1,0,23.6075,0,23.6075
644,Peru Singapore,2008,0,18.06666667,17.5,1,1,6.822635254,7.157847857,3.068542758,3.354907227,0.95,0.95,0.5,6,0,1,0,0,2.759775,7.226666667,3.993477,7
645,Peru US,2006,5,11.83333333,11.5,0,0,0.127490698,0.141991188,0.921288297,0.927611142,1,1,1,7,0,0,0,1,0,11.83333333,0,11.5
646,Poland Turkey,1999,0,29.47196333,29.269228,1,1,1.768956665,1.72700298,0.611108711,0.58242036,0.95,0.95,1,2,0,1,0,0,20.46587533,25.05116883,20.497125,24.8788438
648,Romania Serbia,2003,0,38.04901678,40.7,1,1,,,0.42282879,0.400706985,0.9,0.9,0.5,2,0,1,0,0,38.04901678,34.2441151,35.9,32.56
649,Romania Slovakia,1994,2,53.96753744,64.181671,1,1,2.35405547,2.087316845,0.762193037,0.684116447,0.85,0.85,0.5,3,0,1,0,0,65.7336925,55.87363863,64.181671,54.55442035
650,Romania Turkey,1997,0,43.54705033,43.54705033,0,0,0.731643583,0.696175527,0.637054681,0.631075249,0.883333333,0.9,1,1,0,1,0,0,0,37.01499278,0,39.1923453
654,Russia Ukraine,1993,0,58.41666667,84.1,1,1,3.537808995,3.405983719,1.076796976,1.076796976,0.783333333,0.75,0,1,0,1,0,0,45.575,37.21125,42.1,54.665
657,Serbia Turkey ,2009,0,30.68888889,32.13333333,,,0.752570763,0.772412556,0.372026399,0.366724062,0.9,0.9,1,3,0,1,0,0,,27.62,,28.92
658,Singapore US,2003,5,18.76666667,20.5,0,0,6.824565352,7.068816853,2.333865656,2.324600474,1,1,0.5,7,0,0,0,1,0,12.63333333,0,12.4
659,Slovakia Slovenia,1993,2,61.50559633,67.285714,1,1,2.752901075,2.216841498,0.857960722,0.718755595,1,1,1,2,0,1,0,0,67.285714,61.50559633,67.285714,58.030303
660,Slovakia Turkey,1997,0,48.619512,41.969213,1,1,2.324024368,2.346589791,0.750110775,0.770904705,0.883333333,0.85,1,2,0,1,0,0,48.619512,41.3265852,41.969213,35.67383105
661,Slovenia Turkey,1998,0,45.17363667,42.692939,1,1,1.99067103,2.089521894,0.569118352,0.555186342,1,1,1,2,0,1,0,0,45.17363667,45.17363667,42.692939,42.692939
666,"South Asian Association for Regional Cooperation, Preferential Trading Arrangement (SAPTA)",1993,1,18.53040767,15.7,1,1,1.18257435,1.198693324,0.657920311,0.650795595,0.9,0.9,0.333333333,0,0,0,0,0,18.53040767,16.6773669,11.53181,14.13
667,South Asian Free Trade Area (SAFTA),2004,0,20.82663267,15.7,1,1,1.047075126,1.062748243,0.546833728,0.545410419,0.95,0.95,0.166666667,1,0,1,0,0,14.121329,19.78530103,14.567051,13.11
670,Southern Africa Customs Union (SACU),2002,0,43.23333333,45.7,1,1,1.007755819,1.005294281,0.540290146,0.534523645,0.95,0.95,0.6,2,0,1,0,0,43.23333333,41.07166667,45.7,43.415
671,Southern African Development Community (SADC),1992,1,22,22,1,1,0.513157788,0.520067223,0.291681668,0.270351651,0.85,0.85,0.1,0,0,1,0,0,22,17.6,22,17.6
672,Southern African Development Community (SADC),1996,0,38.36350511,38.36350511,1,1,0.932876094,0.901971164,0.489833853,0.481822825,1,1,0.363636364,2,0,1,0,0,31.30643645,36.44532986,38.36350511,36.44532986
675,Syria Turkey,2004,0,22.50254467,20.03915,1,,0.647025869,0.685937009,0.312936154,0.328293148,0.85,0.85,0.5,2,0,1,0,0,25.130424,19.12716297,,17.0332775
677,Tajikistan Ukraine,2001,0,42.1,42.1,1,1,3.172670804,3.606132603,0.926683299,1.026626267,0.816666667,0.8,0,2,0,1,0,0,0,34.38166667,0,33.68
679,Trans Pacific Strategic EPA,2005,4,20.93333333,20.9,1,1,7.68101144,9.131982507,2.493479151,2.674387058,1,1,0.666666667,6,0,0,0,0,20.93333333,20.93333333,20.9,20.9
683,Tunisia Turkey,2004,0,22.50254467,20.03915,1,1,0.647025869,0.685937009,0.312936154,0.328293148,0.85,0.85,0.5,3,0,1,0,0,25.130424,19.12716297,,17.0332775
684,Turkmenistan Ukraine,1994,0,42.1,42.1,1,1,2.258574957,2.374620799,0.77745443,0.798545048,0.8,0.85,0.5,1,0,1,0,0,42.1,33.68,42.1,35.785
686,Ukraine Uzbekistan,1994,0,42.1,42.1,1,1,2.258574957,2.374620799,0.77745443,0.798545048,0.8,0.85,0.5,2,0,1,0,0,42.1,33.68,42.1,35.785
687,United States Vietnam,2000,0,14.6,14.6,1,1,0.555540446,0.52727547,0.931703529,0.924147785,1,1,0.5,4,0,0,0,1,13.18747433,13.18747433,12.8,12.8
688,West African Economic and Monetary Union,1994,0,35.6,35.6,1,1,1.166250672,1.064050432,0.677370923,0.619140919,0.9,0.9,0.285714286,4,0,1,0,0,0,32.04,0,32.04
693,Andean Community Auto Agreement,1999,0,25.72185217,24.24875525,1,1,0.759606398,0.787310074,0.378292004,0.375354108,0.933333333,0.95,1,0,0,1,0,0,0,21.86357434,0,20.61144196
694,Andean Community Sucre Protocol,1997,0,27.98105933,28.668046,1,0,0.795953105,0.880519616,0.386545185,0.397629451,0.95,0.95,0.8,1,0,1,0,0,0,25.27,0,25.27
714,Central American Common Market (CACM) Protocol of Guatemala,1993,0,24.85,24.85,0,0,0.627799829,0.630911866,0.303453767,0.309160459,1,1,0.5,1,0,1,0,0,0,22.365,0,22.365
715,Chile Cuba,1999,0,81.4,81.4,1,1,1.284427779,1.292235262,0.48239713,0.50098979,0.9,0.9,0.5,1,0,1,0,0,13.940442,12.5463978,13.541173,12.21
716,Chile Peru,2006,4,13.73333333,13.7,1,1,0.619286549,0.402692821,0.259044204,0.162106591,0.966666667,1,1,5,0,1,0,0,13.73333333,13.275,13.7,13.7
732,Faroe Islands Finland,1992,2,75.445421,78.390059,0,0,2.581097014,2.66309861,0.702620902,0.730046948,1,1,1,3,1,0,0,0,0,75.445421,0,78.390059
742,Guinea Morocco,1997,0,,,,,0.350358749,0.370665218,0.225829156,0.223087099,0.45,0.45,0,0,0,1,0,0,,,,
764,Malawi Zimbabwe,2006,0,7.5,7.5,0,0,0.531247972,0.550238822,0.113420853,0.109658725,0.8,0.8,0,2,0,1,0,0,0,2.906666667,0,2.25
771,Peru Thailand,2005,0,4.352419333,4.897444,0,0,0.992142968,1.025830775,0.085245393,0.089315445,0.95,0.95,1,1,0,1,0,0,0,4.134798367,0,4.6525718
781,Paraguay Venezuela,2008,0,4.9,4.9,0,0,0.984639731,1.035097321,,,0.9,0.9,0.5,0,0,1,0,0,0,4.41,0,4.41
782,Uruguay Venezuela,2008,0,22.08333333,23.625,1,1,1.175549509,1.035097321,0.376010107,0.343329886,1,1,0.5,0,0,1,0,0,22.08333333,22.08333333,23.625,23.625
785,Latvia Ukraine Agriculture,1998,0,42.1,42.1,0,0,2.532936662,2.625612176,0.784161774,0.705025492,0.9,0.9,1,1,0,1,0,0,0,35.785,0,35.785
787,East African Community (EAC),1999,3,35.5,35.5,1,1,0.993186048,1.167018472,0.372845016,0.178863633,0.45,0.45,0,,0,1,0,0,19.45,14.2,19.45,14.2
789,MERCOSUR Southern African Customs Union (SACU),2008,0,33.04389793,30.687112,1,1,1.979732346,1.971280925,0.617846348,0.638511673,1,1,0.8,1,0,1,0,0,33.04389793,29.73950813,30.687112,27.6184008
790,El Salvador Guatemala,1991,0,8.846713143,8.846713143,0,0,0.431586271,0.51983306,0.30553719,0.30553719,0.816666667,0.85,0.5,1,0,1,0,0,0,7.224815733,0,7.519706171
793,EC Switzerland Bilaterals I,1999,0,81.96233633,81.578328,1,1,5.449403818,5.486815453,1.713726806,1.837345089,1,1,1,5,1,0,0,0,81.96233633,81.96233633,81.578328,81.578328
795,Australia Malaysia,2012,3,18.36666667,18.2,1,1,2.488720245,3.091908877,0.848523415,0.84105841,1,1,0.5,6,0,0,0,0,18.36666667,18.36666667,18.2,18.2
797,Canada Honduras,2013,5,27.07179833,27.076242,0,0,2.094464711,,0.498989846,,1,1,1,6,0,0,0,0,0,27.07179833,0,27.076242
798,Canada Panama,2009,5,27.21549433,27.255065,0,0,3.071195476,2.152357359,0.691539302,0.497268769,1,1,1,6,0,0,0,0,0,27.21549433,0,27.255065
799,Central America EC,2012,4,28.93504271,27.92553946,1,1,2.836744377,2.893855341,0.746031454,0.800259849,1,1,1,7,0,0,1,0,9.8,28.93504271,10,27.92553946
800,Chile Malaysia,2010,1,15.26666667,15,1,1,1.876071394,1.98500763,0.827705061,0.85598842,1,1,0.5,3,0,1,0,0,15.26666667,15.26666667,15,15
803,Chile Vietnam,2011,1,15.23333333,14.9,1,0,0.935593559,0.994077216,0.218496012,0.239740912,1,1,0.5,2,0,1,0,0,10.26666667,15.23333333,0,14.9
804,China Costa Rica,2010,1,32.606438,34.728212,1,1,3.068888425,4.029694685,0.81636044,0.868696477,1,1,0.5,5,0,1,0,0,9.3,9.3,9.8,9.8
805,Colombia Costa Rica,2013,1,18.3325035,6.7,1,1,1.13165934,,0.460457893,,1,1,1,7,0,1,0,0,8.766666667,15.58262798,6.7,6.7
806,Colombia Israel,2013,0,18.3325035,21.0822645,1,1,1.13165934,,0.57853822,,0.95,0.95,1,5,0,1,0,0,18.32150967,17.40543418,21.0822645,20.02815128
808,Colombia Korea,2013,3,18.3325035,11.965097,0,0,6.209373676,,1.549043466,,0.9,0.9,1,7,0,1,0,0,0,15.58262798,0,10.7685873
809,Colombia Panama,2013,4,24.36666667,24.85,,,1.13165934,,0.460457893,,0.95,0.95,1,6,0,1,0,0,,23.14833333,,23.6075
810,Colombia Peru EC,2012,5,28.93504271,27.92553946,0,0,2.836744377,2.893855341,0.746031454,0.800259849,1,1,1,7,0,0,1,0,0,28.93504271,0,27.92553946
811,Commonwealth of Independent States (CIS),2011,0,79.7,79.7,1,1,3.655301726,3.741537132,0.931943273,0.975126322,0.95,0.95,0.222222222,2,0,1,0,0,17.16666667,46.43388889,0,41.54666667
813,Costa Rica Peru,2011,2,9.633333333,9.6,1,1,0.674530381,0.690571125,,,1,1,1,7,0,1,0,0,9.633333333,9.633333333,9.6,9.6
814,Costa Rica Singapore,2010,3,17.7,18,1,1,7.126634783,7.059006354,3.053990318,2.860751785,1,1,0.5,6,0,1,0,0,9.3,9.3,9.8,9.8
815,EC Korea,2010,4,29.87239413,29.70308372,0,0,5.336513728,5.552042318,1.419622055,1.403819356,1,1,1,6,0,0,1,0,0,29.87239413,0,29.70308372
817,EFTA Hong Kong,2011,3,23.09,23.6,,,4.803650089,4.745917214,0.62604338,0.677419355,,,,6,0,0,0,0,,,,
818,EFTA Montenegro,2011,4,25.9,25.9,,,4.803650089,4.745917214,,,0.95,0.95,1,3,0,0,0,0,,24.605,,24.605
819,EFTA Peru,2010,2,4.131159,4,1,1,4.702325322,4.879970084,,,0.95,0.95,1,6,0,0,0,0,4.131159,3.92460105,4,3.8
820,EFTA Ukraine,2010,2,42.1,42.1,,,4.702325322,4.879970084,0.906065714,0.917232236,0.833333333,0.8,0,7,0,0,0,0,,35.08333333,,33.68
821,Egypt MERCOSUR,2010,1,30.916451,30.140864,1,1,1.988938422,2.004263812,0.561729505,0.562946229,1,1,0.5,2,0,1,0,0,30.916451,27.8248059,30.140864,28.8
823,Guatemala Peru,2011,2,4.133333333,4,1,1,0.44759412,0.44501819,,,0.95,0.95,1,7,0,1,0,0,4.133333333,3.926666667,4,3.8
825,Hong Kong New Zealand,2010,4,22.39333333,23.19,0,0,2.66454354,2.534765025,0.555275688,0.640552995,1,1,1,6,0,0,0,0,6.866666667,20.93333333,0,20.8
826,India Japan,2011,0,18.63333333,19,1,1,6.105663058,7.208536584,0.969741327,0.57853822,1,1,1,5,0,0,0,0,15.59408817,18.63333333,12.8,19
827,India Malaysia,2011,0,15.59408817,12.8,1,1,1.785172334,1.507634906,0.837686527,0.57853822,0.95,0.95,0.5,4,0,1,0,0,15.59408817,14.81438376,12.8,12.16
829,Japan Peru,2011,1,18.63333333,19,1,1,6.105663058,7.208536584,0.969741327,,1,1,1,7,0,0,0,0,4.133333333,18.63333333,4,19
830,Korea Peru,2011,3,9.866666667,9.9,1,1,5.90213865,6.733834921,1.459447291,1.542216161,0.95,0.95,1,7,0,1,0,0,4.133333333,8.88,4,8.91
831,Korea Turkey,2012,3,9.9,10.1,0,0,5.990263223,5.68491243,1.500635429,1.55587077,0.916666667,0.95,1,4,0,1,0,0,0,8.91,0,9.09
832,Mauritius Turkey,2011,0,24.60616367,22.465052,,,0.806378133,0.808468184,0.366724062,0.093291092,1,1,1,2,0,1,0,0,,24.60616367,,22.465052
833,Montenegro Ukraine,2011,0,42.1,42.1,0,0,3.400107722,3.462145749,0.931943273,0.975126322,0.95,0.95,0.5,4,0,1,0,0,0,34.38166667,0,33.68
834,New Zealand Taiwan,2013,4,36.74222222,40.52666667,0,0,2.784267221,,1.477525018,,1,1,1,7,0,0,0,0,0,36.74222222,0,40.52666667
836,Pacific Alliance,2012,0,24.24875525,24.24875525,1,1,2.335439189,2.007160927,1.033272282,0.461494988,1,1,1,6,0,1,0,0,5,20.61144196,4.2,20.61144196
837,Panama Peru,2011,2,25.33333333,24.85,1,1,0.44759412,0.44501819,,,0.95,0.95,1,7,0,1,0,0,4.133333333,24.06666667,4,23.6075
838,Peru Venezuela,2012,0,4.066666667,4.2,1,1,0.939799796,0.922995872,,,0.95,0.95,0.5,1,0,1,0,0,4.066666667,3.863333333,4.2,3.99
840,Australia China,2015,1,52.96037688,58.14060231,0,0,,,,,1,1,0.5,5,0,0,0,0,5.666666667,23.43930232,0,26.65895348
842,Australia Japan,2014,0,20.61965116,26.65895348,1,0,6.893743724,,1.30493428,,1,1,1,7,1,0,0,0,11.73333333,20.61965116,0,26.65895348
844,Bosnia and Herzogovina EFTA,2013,4,30,30,,,5.190555718,,0.203168877,,,,,3,0,0,0,0,,,,
848,Canada EC (CETA),2016,4,77.88702552,77.88702552,1,,,,,,1,,,7,1,0,1,0,71.94033476,77.88702552,,
852,Canada Korea,2014,5,28.06795425,29.92246976,0,0,5.68491243,,1.55587077,,1,1,1,6,0,0,0,0,0,28.06795425,0,29.92246976
858,Chile Hong Kong,2012,4,23.49666667,23.7,0,0,0.927022554,0.892490815,0.656940697,0.652849741,1,1,1,6,0,1,0,0,5,15.06666667,0,15.3
862,China Switzerland,2013,4,40.521528,42.599926,0,0,7.643116446,,1.424606816,,1,1,0.5,6,0,0,0,0,0,16.36666667,0,16.2
864,Central America EFTA,2013,4,8.766666667,6.7,1,1,5.190555718,,,,1,1,1,7,0,1,0,0,8.766666667,8.766666667,6.7,6.7
866,EC Georgia,2014,5,31.02392486,35.87101168,0,0,2.893855341,,0.800259849,,1,1,1,7,0,0,1,0,0,31.02392486,0,35.87101168
872,EC Moldova,2014,5,38.58888889,43.73333333,0,0,2.893855341,,0.800259849,,1,1,1,7,0,0,1,0,0,36.65944444,0,41.54666667
876,EC Ukraine,2014,4,42.1,42.1,0,0,3.363855288,,0.955168785,,1,1,0.5,7,0,0,1,0,0,32.27666667,0,35.87101168
891,Mexico Panama,2014,0,24.36666667,24.85,0,0,2.007160927,,,,0.95,0.95,1,5,0,1,0,0,0,23.14833333,0,23.6075
899,Transpacific Partnership (TPP),2016,5,29.92246976,29.92246976,1,,,,,,1,,,7,0,0,0,1,13.07759996,29.92246976,,
906,Armenia Cyprus,1995,0,68.49337022,72.661871,0,0,2.451641898,2.587227417,0.154648225,0.157903426,1,1,0.5,,0,1,0,0,0,68.49337022,0,72.661871
908,Colombia Mexico Venezuela,1994,2,25.633994,26.300163,0,0,1.751528693,1.495572482,0.902015837,0.767669575,0.95,0.95,0.666666667,6,0,1,0,0,0,24.3522943,0,24.98515485
909,China Korea,2015,1,52.96037688,58.14060231,0,0,,,,,0.9,0.9,0.5,6,0,1,0,0,0,10.7685873,0,10.7685873
911,Australia Korea,2014,3,20.61965116,26.65895348,1,0,5.68491243,,1.55587077,,1,1,1,6,0,0,0,0,11.73333333,20.61965116,0,26.65895348
912,Korea New Zealand,2015,4,24.04924963,26.37387444,0,0,,,,,1,1,1,,0,0,0,0,0,24.04924963,0,26.37387444
913,Korea Vietnam,2015,1,14.6,14.6,0,0,,,,,0.9,0.9,0.5,,0,1,0,0,0,10.7685873,0,10.7685873
919,Honduras Peru,2015,2,4.175405545,4.175405545,1,1,,,,,0.95,0.95,1,,0,1,0,0,4.175405545,3.966635268,4.175405545,3.966635268
930,Japan Mongolia,2015,1,20.09433995,21.24150992,,,,,,,1,1,1,5,0,0,0,0,,20.09433995,,21.24150992
943,Malaysia Turkey,2014,1,12.13726217,23.09638852,,,1.914418646,,0.84105841,,0.85,0.75,0,2,0,1,0,0,,9.220760213,,15.01265254
949,Central America Mexico,2011,1,14.73333333,14.5,1,1,2.408760322,2.590544267,0.996403452,1.092996759,1,1,1,5,0,1,0,0,9.633333333,13.26,14.1,13.05
955,China Iceland,2013,0,82.26666667,80.6,0,0,3.720941298,,,,0.15,0.15,0,5,0,1,0,0,0,6.0782292,0,6.3899889